"Data Source","World Development Indicators",

"Last Updated Date","2026-01-28",

"Country Name","Country Code","Indicator Name","Indicator Code","1960","1961","1962","1963","1964","1965","1966","1967","1968","1969","1970","1971","1972","1973","1974","1975","1976","1977","1978","1979","1980","1981","1982","1983","1984","1985","1986","1987","1988","1989","1990","1991","1992","1993","1994","1995","1996","1997","1998","1999","2000","2001","2002","2003","2004","2005","2006","2007","2008","2009","2010","2011","2012","2013","2014","2015","2016","2017","2018","2019","2020","2021","2022","2023","2024",
"Aruba","ABW","Physicians (per 1,000 people)","SH.MED.PHYS.ZS","","","","","","","","","","","","","","","","","","","","","","","","","","","","","","","","","","","","1.12","","","","","","","","","","","","","","","","","","","","","","","","","","","","","",
"Africa Eastern and Southern","AFE","Physicians (per 1,000 people)","SH.MED.PHYS.ZS","","","","","","","","","","","","","","","","","","","","","","","","","","","","","","","0.162187829388581","","","","","","","","","","","","","","","","","","","","0.164466780026955","","","","","","","","","","","","0.243384946439894","","",
"Afghanistan","AFG","Physicians (per 1,000 people)","SH.MED.PHYS.ZS","0.035","","","","","0.063","","","","","0.065","","","","","","","","","","","0.077","","","","","0.183","0.179","","0.129","0.109","","","0.143","","","","0.11","","","","0.202","","","","","0.166","0.182","0.183","0.22","0.244","0.258","0.246","0.29","0.304","0.29","0.284","0.245","0.303","0.214","0.253","","","0.317","",
"Africa Western and Central","AFW","Physicians (per 1,000 people)","SH.MED.PHYS.ZS","","","","","","","","","","","","","","","","","","","","","","","","","","","","","","","0.127049508666766","","","","","","","","","","0.192750560704467","","","","","","","","","","0.210365597083694","","","","","","","","","","","","0.258635594198467","","",
"Angola","AGO","Physicians (per 1,000 people)","SH.MED.PHYS.ZS","0.067","","","","","0.076","","","","","0.116","","","","","","","","","","","","","","0.059","","","","","","0.042","","","","","","","0.06","","","","","","","0.063","","","","","0.132","","","","","","","","0.212","0.211","","","","0.244","","",
"Albania","ALB","Physicians (per 1,000 people)","SH.MED.PHYS.ZS","0.276","","","","","0.481","","","","","0.739","0.911","0.845","","","","","1.036","","","1.367","","","1.415","1.407","1.406","","","","","1.378","1.46","1.604","1.377","1.294","1.302","1.318","1.333","1.347","","1.366","1.303","1.167","1.186","1.194","","1.189","1.2","","1.235","1.243","1.229","1.27","1.276","","","1.212","","","1.645","1.879","","","","",
"Andorra","AND","Physicians (per 1,000 people)","SH.MED.PHYS.ZS","","","","","","","","","","","","","","","","","","","","","","","","","","","","","","","","","","","","2.238","","2.442","2.477","","2.557","2.656","3.053","3.511","3.217","3.295","3.065","3.04","","3.17","2.949","3.136","3.112","3.165","3.297","3.754","4.058","4.119","4.535","4.392","4.587","4.758","5.157","5.068","",
"Arab World","ARB","Physicians (per 1,000 people)","SH.MED.PHYS.ZS","","","","","","","","","","","","","","","","","","","","","","","","","","","","","","","","","","","","","","","","","","","","","","","","","","","","","","","","","","","","","","","1.1767238952236","","",
"United Arab Emirates","ARE","Physicians (per 1,000 people)","SH.MED.PHYS.ZS","","","","","","","","","","","0.909","","","","","","","","","","1.068","","","","0.953","","","","","","","","","","","","","","","","1.616","1.759","1.761","1.838","1.762","1.494","1.407","1.541","1.845","1.792","1.749","1.786","1.801","2.045","2.232","2.361","2.458","2.502","2.605","2.71","2.83","2.786","2.915","2.992","",
"Argentina","ARG","Physicians (per 1,000 people)","SH.MED.PHYS.ZS","1.351","","","","","1.667","","","","","1.892","","","","","1.869","","","","","","","","","2.683","2.705","2.984","","3.032","","2.68","","2.636","","","","","","2.991","","","3.2481","","","3.1857","","","","","","","","4.823","4.884","4.925","4.98","5.024","5.094","5.167","5.25","5.304","5.384","5.437","5.106","",
"Armenia","ARM","Physicians (per 1,000 people)","SH.MED.PHYS.ZS","","","","","","","","","","","","","","","","","","","","","","","","","","","","","","","","","","","","","","","","","2.652","2.59","2.545","2.439","2.443","2.543","2.562","2.635","2.695","2.714","2.79","2.822","2.859","2.878","2.883","2.919","2.887","2.903","2.893","3.026","3.163","3.255","3.36","","",
"American Samoa","ASM","Physicians (per 1,000 people)","SH.MED.PHYS.ZS","","","","","","","","","","","","","","","","","","","","","","","","","0.772","","","","","","","","","","","","","","","0.781","","","","","","","","","","","","","","","","","","","","","","","","","",
"Antigua and Barbuda","ATG","Physicians (per 1,000 people)","SH.MED.PHYS.ZS","0.294","","","","","","","","","","0.349","","","","","","","","","","","","","","","","","","","","0.76","0.919","","3.03","","0.76","1.141","","","0.163","","","","","","","","1.763","0.543","","","","","","","","","2.917","","","","","","","",
"Australia","AUS","Physicians (per 1,000 people)","SH.MED.PHYS.ZS","","1.1","","","","","1.2","","","","","1.2","","","","","1.5","","","","","1.8","","","1.8","1.9","2","2.1","2.1","2.1","2.16","2.325","2.363","2.387","2.425","2.464","2.39","2.388","2.389","2.433","2.476","2.551","2.546","2.615","2.692","2.764","2.825","2.99","3","3.104","3.345","3.296","3.293","3.356","3.432","3.486","3.557","3.656","3.726","3.808","3.895","3.976","4.086","","",
"Austria","AUT","Physicians (per 1,000 people)","SH.MED.PHYS.ZS","1.2","1.4","1.4","1.4","1.4","1.4","1.4","1.4","1.4","1.4","1.4","1.4","1.4","1.4","1.4","1.5","1.5","1.5","1.5","1.6","","","","","","","","","","","3.008","3.088","3.213","3.295","3.407","3.512","3.589","3.668","3.795","3.789","3.876","3.989","4.06","4.144","4.232","4.348","4.477","4.562","4.627","4.722","4.827","4.875","4.927","5.018","5.076","5.124","5.129","5.182","5.241","5.318","5.344","5.432","5.432","5.515","",
"Azerbaijan","AZE","Physicians (per 1,000 people)","SH.MED.PHYS.ZS","","","","","","","","","","","","","","","","","","","","","3.362","","","","","3.799","3.877","3.906","3.964","3.99","3.802","3.846","3.805","3.842","3.788","3.785","3.729","3.638","3.548","3.516","3.552","3.525","3.541","3.534","3.54","3.557","3.532","3.669","3.635","3.626","3.617","3.397","3.449","3.413","3.401","3.328","3.262","3.197","3.236","3.148","3.125","3.123","3.185","","",
"Burundi","BDI","Physicians (per 1,000 people)","SH.MED.PHYS.ZS","0.01","","","","","0.017","","","","","0.017","","","","","0.012","","","","","","","","","0.047","","0.058","","","","0.058","0.059","","0.056","","0.055","","","","","0.052","","","","0.027","","","","","","0.045","0.037","0.049","0.053","0.056","0.046","","0.094","0.094","","0.069","0.076","0.078","","",
"Belgium","BEL","Physicians (per 1,000 people)","SH.MED.PHYS.ZS","1.3","1.3","1.4","1.4","1.4","1.5","1.5","1.5","1.6","1.6","","1.5","1.6","1.7","1.8","1.9","1.9","2","2.1","2.2","2.3","2.4","2.5","2.8","2.7","2.8","2.9","3","3.1","3.2","3.267","3.327","3.391","3.444","3.508","3.543","3.608","3.678","3.735","2.801","2.829","2.849","2.859","2.857","2.868","2.871","2.886","2.905","2.921","2.92","2.909","2.915","2.933","3.131","3.16","3.221","3.28","3.292","3.355","3.424","3.506","3.537","3.574","","",
"Benin","BEN","Physicians (per 1,000 people)","SH.MED.PHYS.ZS","0.04","","","","","0.03","","","","","0.034","","","","","","","","","","0.059","0.059","","0.075","","0.073","","","","0.071","0.051","0.042","0.055","0.057","0.061","0.058","","","","","","","","","0.038","","","","0.059","","0.052","0.054","","","","","0.045","","0.073","0.06","","0.205","0.19","0.216","",
"Burkina Faso","BFA","Physicians (per 1,000 people)","SH.MED.PHYS.ZS","0.011","","","","","0.014","","","","","0.01","","","","","","","","","","0.018","0.018","","0.018","","","0.004","","","0.029","","","","","","0.034","0.035","0.038","","","","0.04","","","0.052","","","","0.031","0.043","0.044","0.037","0.046","0.045","0.047","0.063","0.062","0.082","0.082","0.091","0.096","0.101","0.148","","",
"Bangladesh","BGD","Physicians (per 1,000 people)","SH.MED.PHYS.ZS","","","","","","0.123","","","","","0.119","","","","","","","","","","0.12","","","","","0.154","0.144","","","","0.177","0.188","","","","0.201","","0.2","","","","0.238","","0.26","0.269","0.296","0.305","0.317","0.33","0.343","0.352","0.373","0.39","0.412","0.478","0.476","0.489","0.535","0.573","0.63","0.661","0.677","0.717","0.722","",
"Bulgaria","BGR","Physicians (per 1,000 people)","SH.MED.PHYS.ZS","1.405","","","","","1.667","","","","","1.863","1.896","1.985","2.042","2.102","2.152","2.205","2.258","2.321","2.408","2.46","2.484","2.588","2.688","2.759","2.865","2.953","3.022","","","3.23","3.077","3.159","3.361","3.338","3.478","3.569","3.487","3.499","3.503","3.441","3.429","3.522","3.604","3.537","3.661","3.676","3.675","3.643","3.733","3.747","3.838","3.868","3.953","3.978","4.041","4.107","4.184","4.217","4.236","4.277","4.296","4.328","","",
"Bahrain","BHR","Physicians (per 1,000 people)","SH.MED.PHYS.ZS","0.45","","","","","","","","","","0.429","","","","","","","","","","1.087","","","","","1.219","","","","","","1.315","","","","","","1","","","1.013","1.06","1.053","1.006","0.922","0.995","0.977","0.995","0.984","0.971","0.971","1.001","1.023","0.998","0.974","0.927","0.83","0.76","0.729","0.687","0.741","","","","",
"Bahamas, The","BHS","Physicians (per 1,000 people)","SH.MED.PHYS.ZS","0.496","","","","","","","","","","0.76","","","","","","","","","","0.938","","","","0.943","","","","","","1.29","","","1.446","","1.49","1.518","","0.989","","","","","","","","","","2.645","","","2.233","","","","","","1.895","","","","","","","",
"Bosnia and Herzegovina","BIH","Physicians (per 1,000 people)","SH.MED.PHYS.ZS","","","","","","","","","","","","","","","","","","","","","1.033","1.089","1.17","1.207","1.28","1.362","1.419","1.485","","","1.581","1.576","","","","","","","","","1.312","1.303","1.3","1.33","1.372","1.409","1.46","1.54","1.59","1.674","1.749","1.839","1.914","1.997","2.083","2.107","2.146","2.163","2.457","2.584","","","","","",
"Belarus","BLR","Physicians (per 1,000 people)","SH.MED.PHYS.ZS","","","","","","","","","","","","","","","","","","","","","","","","","","","","","","","2.9109","2.8961","2.9409","2.9571","2.987","3.018","3.084","3.133","3.193","3.259","3.268","3.252","3.275","3.303","3.299","3.326","3.393","3.55","3.578","3.713","3.511","3.794","3.885","3.939","4.082","4.255","4.372","4.427","4.486","4.546","4.605","4.686","4.669","4.717","",
"Belize","BLZ","Physicians (per 1,000 people)","SH.MED.PHYS.ZS","0.242","","","","","","","","","","0.342","","","","","","","","","","","","","","0.272","","0.451","","0.472","","0.639","","","0.493","","0.6","0.548","","","","1.042","","","","","","","","","0.771","","","1.157","","","","","1.131","1.086","","","","","","",
"Bermuda","BMU","Physicians (per 1,000 people)","SH.MED.PHYS.ZS","","","","","","","","","","","","","","","","","","","","","","","","","","","","","","","","","","","","1.2","","1.766","","","","","","","","","","","","","","","","","","","","","","","","","","","",
"Bolivia","BOL","Physicians (per 1,000 people)","SH.MED.PHYS.ZS","0.267","","","","","0.311","","","","","0.509","","","","","0.49","","","","","","0.523","","","0.697","","","","","","0.45","","","0.426","","0.34","","","","","","1.18","","","","","","0.327","","","0.433","0.461","","","","","1.569","1.016","","1.088","0.961","1.284","","","",
"Brazil","BRA","Physicians (per 1,000 people)","SH.MED.PHYS.ZS","0.374","","","","","0.4","","","","","0.492","","","","","0.624","","","","","","0.767","","","0.927","1.467","","","1.185","","1.085","","1.14","1.168","1.197","1.227","1.259","1.295","1.281","1.379","","","","","","","","","","","","1.87","","1.906","","","","2.198","","2.351","","2.191","","2.357","",
"Barbados","BRB","Physicians (per 1,000 people)","SH.MED.PHYS.ZS","0.329","","","","","","","","","","0.523","","","","","","","","","","","","","","0.891","","","","","","1.14","","","1.254","","1.366","","","","","1.393","1.601","","","","1.82","","","","","","","","","","","","2.541","","","2.616","2.871","2.958","","",
"Brunei Darussalam","BRN","Physicians (per 1,000 people)","SH.MED.PHYS.ZS","","","","","","","","","","","0.3","","","","","","","","","","0.435","0.487","","","0.534","","","","","","","0.746","","","","","0.848","","","","1.029","","1.176","","1.312","1.087","1.094","1.06","1.493","1.156","1.435","1.522","1.469","1.595","1.485","1.75","","1.578","1.763","","","1.886","","","",
"Bhutan","BTN","Physicians (per 1,000 people)","SH.MED.PHYS.ZS","","","","","","","","","","","","","","","","","","","","","","0.125","0.102","","","","","","","","0.333","","","","0.17","0.16","","","","0.051","","","","","0.181","","","0.212","0.249","","","","0.271","0.28","0.333","0.339","0.4","0.31","0.421","0.336","0.486","0.561","0.553","","",
"Botswana","BWA","Physicians (per 1,000 people)","SH.MED.PHYS.ZS","0.042","","","","","0.036","","","","","0.064","","","","","0.133","","","","","0.123","0.134","","0.144","","","","","0.2","0.194","","","","0.194","0.238","","","","0.264","0.309","0.298","0.298","0.307","0.296","0.396","0.253","0.315","0.371","0.367","0.348","0.403","0.395","0.388","","","","0.371","","0.402","0.395","0.433","0.422","0.407","0.379","",
"Central African Republic","CAF","Physicians (per 1,000 people)","SH.MED.PHYS.ZS","0.02","","","","","0.03","","","","","0.023","","","","","","","","","","0.043","0.044","0.043","","","","","","","0.039","0.038","","","0.055","","0.035","","","","","","","","","0.079","","","","0.0405","0.045","","","","","","0.07","","","0.069","","","0.022","0.029","0.074","",
"Canada","CAN","Physicians (per 1,000 people)","SH.MED.PHYS.ZS","","1.1","1.2","1.3","1.3","1.3","1.3","1.3","1.3","1.4","1.4","1.5","1.6","1.6","1.6","1.7","1.7","1.7","1.8","1.8","1.8","1.8","1.9","1.9","1.9","2","2","2.1","2.1","2.1","2.1","2.1","2.1","2.2","2.1","2.1","2.1","2.1","1.8611","2.1","","1.8871","1.8969","","1.8971","","1.9086","","1.959","","2.0384","","2.3962","2.4509","2.4961","2.5388","2.3105","2.6102","2.411","2.418","2.415","2.444","2.814","2.819","",
"Central Europe and the Baltics","CEB","Physicians (per 1,000 people)","SH.MED.PHYS.ZS","","","","","","","","","","","","","","","","","","","","","","","","","","","","","","","2.41562102644665","","","","","","","","","","2.57009282393716","","","","","","","","","","2.7389623986153","","","","","","","","","","","","3.90795171540262","","",
"Switzerland","CHE","Physicians (per 1,000 people)","SH.MED.PHYS.ZS","1.4","1.4","1.4","1.4","1.4","1.4","1.4","1.4","1.4","1.5","1.5","1.6","1.6","1.7","1.8","1.9","2","2.1","2.2","2.4","2.5","2.6","2.6","2.6","2.6","2.7","2.8","2.9","3","2.9","2.984","3.03","3.012","3.061","3.115","3.164","3.584","3.265","3.33","3.363","3.51","3.514","3.561","3.658","3.696","3.74","3.79","3.788","3.82","3.836","3.808","3.832","3.915","4.039","4.125","4.196","4.25","4.297","4.338","4.349","4.388","4.435","4.477","","",
"Channel Islands","CHI","Physicians (per 1,000 people)","SH.MED.PHYS.ZS","1.019","","","","","","","","","","1.2","","","","","","","","","","1.457","1.522","","","","","","","","","","","","","","","","","","","","","","","","","","","","","","","","","","","","","","","","","","","",
"Chile","CHL","Physicians (per 1,000 people)","SH.MED.PHYS.ZS","0.559","","","","","0.473","","","","","0.463","","","","","","","","","0.516","","","","","0.817","","","","","","1.1","1.066","0.983","","","","","","","","","","0.882","0.936","0.974","0.97","1.031","1.028","1.031","1.022","1.423","1.575","1.735","1.868","2.016","2.138","2.286","2.43","2.569","2.627","2.798","2.979","3.178","3.334","",
"China","CHN","Physicians (per 1,000 people)","SH.MED.PHYS.ZS","","","","","","1.07","0.96","0.94","0.91","0.88","0.86","0.85","0.86","0.89","0.92","0.96","1","1.03","","1.12","","1.25","1.3","1.32","1.33","","1.35","1.37","1.47","1.54","1.13","","","","","1.192","1.199","1.213","1.21","1.239","1.263","1.28","1.137","1.185","1.215","1.239","1.273","1.294","1.343","1.419","1.46","1.485","1.562","1.658","1.711","1.797","1.888","2.003","2.122","2.255","2.385","2.517","3.112","","",
"Cote d'Ivoire","CIV","Physicians (per 1,000 people)","SH.MED.PHYS.ZS","0.033","","","","","0.048","","","","","0.064","","","","","","","","","","","","","","","0.071","","","","","0.088","","","","","","0.09","","","","","","","","0.106","0.085","","","0.128","","","0.14","","","0.214","","","","0.351","0.149","0.153","0.167","0.162","0.166","",
"Cameroon","CMR","Physicians (per 1,000 people)","SH.MED.PHYS.ZS","0.034","","","","","0.037","","","","","0.034","","","","","0.072","","","","0.071","","","","","","","","","","0.084","0.082","","0.084","0.073","","","0.074","","","","","","","","0.188","0.061","","0.073","","0.07","0.087","0.091","","","","","","","0.131","","0.098","0.126","0.136","","",
"Congo, Dem. Rep.","COD","Physicians (per 1,000 people)","SH.MED.PHYS.ZS","0.015","","","","","0.028","","","","","0.035","","","","","0.036","","","","0.073","","","","","","","","0.075","","","0.066","","","","","","0.069","","","","","","","","0.107","","","","","0.088","","","","0.085","","","","","","0.162","","0.171","0.208","","",
"Congo, Rep.","COG","Physicians (per 1,000 people)","SH.MED.PHYS.ZS","0.06","","","","","0.068","","","","","0.101","","","","","","","","0.174","","","","0.119","","","0.252","0.252","","","","0.276","","","","","0.251","","","0.73","","","","","","0.212","","0.204","0.101","","","0.111","0.114","","","","","0.102","","0.099","","","","0.173","","",
"Colombia","COL","Physicians (per 1,000 people)","SH.MED.PHYS.ZS","0.354","","","","","0.377","","","","","0.42","","","","","","","0.478","","","","","","","","","","","","","0.807","0.863","0.922","0.963","1.008","1.054","1.095","1.138","1.185","1.222","1.264","1.29","1.321","1.352","1.391","1.432","1.469","1.511","1.563","1.617","1.666","1.754","1.814","1.884","1.96","2.022","2.088","2.163","2.242","2.317","2.394","2.467","","2.535","",
"Comoros","COM","Physicians (per 1,000 people)","SH.MED.PHYS.ZS","","","","","","","","","","","","","","","","","","","","","","","","","0.084","","","","0.163","","0.113","","0.127","","","","","0.074","","","","","","","0.198","0.196","","","","0.199","","","0.181","","","","0.291","","0.285","","0.441","","0.424","","",
"Cabo Verde","CPV","Physicians (per 1,000 people)","SH.MED.PHYS.ZS","0.077","","","","","","","","","","0.082","","","","","","","","","","0.176","","","0.2","","","0.329","","0.342","","","","0.234","","","","0.171","","","","","","","","0.493","","","","","0.136","0.573","0.571","0.508","0.601","0.461","0.743","0.731","0.659","0.711","0.743","0.725","0.732","0.718","0.73","",
"Costa Rica","CRI","Physicians (per 1,000 people)","SH.MED.PHYS.ZS","0.391","","","","","0.517","","","","","0.614","","","","","","","","","0.679","","","","","0.99","","","0.968","0.881","","1.26","","","0.883","0.845","0.854","0.864","0.872","0.901","1.719","1.322","","","","","","2.053","2.102","2.169","2.228","2.317","2.384","2.471","2.556","2.659","1.806","1.955","2.101","2.253","2.376","2.494","2.564","2.687","","",
"Caribbean small states","CSS","Physicians (per 1,000 people)","SH.MED.PHYS.ZS","","","","","","","","","","","","","","","","","","","","","","","","","","","","","","","0.646744868396249","","","","","","","","","","0.816590875553463","","","","","","","","","","1.26490310561646","","","","","","","","","","","","2.52508013216043","","",
"Cuba","CUB","Physicians (per 1,000 people)","SH.MED.PHYS.ZS","0.946","","","","","0.876","","","","","0.822","","","","","","","","","","","1.388","","","1.886","","","","3","","3.639","3.978","4.345","4.709","4.967","5.202","5.485","5.694","5.753","5.858","5.941","5.952","6.001","6.068","6.203","6.268","6.339","6.416","6.602","6.63","6.772","6.957","7.26","7.408","7.582","7.803","8.003","8.187","8.505","8.677","9.291","9.542","","","",
"Curacao","CUW","Physicians (per 1,000 people)","SH.MED.PHYS.ZS","","","","","","","","","","","","","","","","","","","","","","","","","","","","","","","","","","","","","","","","","","","","","","","","","","","","","","","","","","","","","","","","","",
"Cayman Islands","CYM","Physicians (per 1,000 people)","SH.MED.PHYS.ZS","","","","","","","","","","","","","","","","","","","","","","","","","","","","","","","1.7","","","","","1.7","","1.939","","","","","","","","","","","","","","","","","","","","","","","","","","","",
"Cyprus","CYP","Physicians (per 1,000 people)","SH.MED.PHYS.ZS","","","","","","","","","","","","","","","","","","","","","","","","","","","","","","","1.52","1.583","1.688","1.745","1.809","1.863","1.869","1.877","1.882","1.892","1.899","1.908","1.87","1.851","1.898","1.881","1.822","1.974","2.007","2.046","2.127","2.206","2.236","2.326","2.396","2.498","2.594","2.651","2.789","2.928","3.197","3.355","3.556","","",
"Czechia","CZE","Physicians (per 1,000 people)","SH.MED.PHYS.ZS","","","","","","","","","","","1.8","1.9","1.9","1.9","2","2","2.1","2.1","2.1","2.2","","","","","","","","","","","2.721","2.676","2.681","2.867","2.936","3.001","2.99","3.119","3.039","3.088","3.38","3.442","3.491","3.509","3.499","3.539","3.551","3.561","3.558","3.584","3.599","3.637","3.676","3.689","3.9345","3.9516","4.0194","4.0676","4.069","4.112","4.153","4.246","4.352","","",
"Germany","DEU","Physicians (per 1,000 people)","SH.MED.PHYS.ZS","","","","","","","","","","","","","","","","","","","","","","","","","","","","","","","","2.745","2.816","2.904","2.977","3.041","3.087","3.103","3.164","3.213","3.263","3.31","3.338","3.369","3.392","3.413","3.465","3.528","3.584","3.662","3.757","3.849","3.922","4.015","4.088","4.12","4.166","4.226","4.287","4.373","4.443","4.503","4.534","","",
"Djibouti","DJI","Physicians (per 1,000 people)","SH.MED.PHYS.ZS","0.157","","","","","","","","","","0.284","","","","","","","","","","","0.224","","","0.238","","","","","","0.162","","","","","0.191","0.14","","","0.128","","","","","0.156","0.167","0.216","","","","","","","","0.201","","","","","","","","0.211","","",
"Dominica","DMA","Physicians (per 1,000 people)","SH.MED.PHYS.ZS","0.133","","","","","","","","","","0.161","","","","","","","","","","","","","","0.339","","","","","","0.46","0.528","","","","0.47","0.493","0.548","","","","1.816","","","","","","","","","","","","","","","","1.168","1.158","","","","","","",
"Denmark","DNK","Physicians (per 1,000 people)","SH.MED.PHYS.ZS","","","","","","","","","","","","","","","","","","","","","","","","","","","","","","","2.494","2.429","2.596","2.613","2.639","2.682","2.703","2.78","2.858","2.884","2.913","2.933","3.037","3.081","3.227","3.335","3.424","3.458","3.579","3.651","3.726","3.789","3.837","3.849","3.877","3.93","3.999","4.109","4.196","4.251","4.377","4.498","","","",
"Dominican Republic","DOM","Physicians (per 1,000 people)","SH.MED.PHYS.ZS","0.121","","","","","0.588","","","","","","","","","","0.435","","","","","","","","","0.564","","","","1.074","","1.49","","","1.054","","1.5","","2.156","","","1.825","","","","","","","","1.085","","","1.507","","","","","","","1.426","1.431","1.948","2.029","2.234","2.426","",
"Algeria","DZA","Physicians (per 1,000 people)","SH.MED.PHYS.ZS","0.173","","","","","0.116","","","","","0.123","","","","","","","","","0.38","","","","","0.427","","","","0.429","","0.942","","","0.821","","0.846","","","1","","","","1.114","","","1.026","","1.195","","","","","","","","","1.819","","1.708","0.973","","","1.66","","",
"East Asia & Pacific (excluding high income)","EAP","Physicians (per 1,000 people)","SH.MED.PHYS.ZS","","","","","","","","","","","","","","","","","","","","","","","","","","","","","","","0.86995459963443","","","","","","","","","","1.13449440950125","","","","","","","","","","1.17108426112459","","","","","","","","","","","","2.35417104796866","","",
"Early-demographic dividend","EAR","Physicians (per 1,000 people)","SH.MED.PHYS.ZS","","","","","","","","","","","","","","","","","","","","","","","","","","","","","","","0.867610360650991","","","","","","","","","","","","","","","","","","","","","","","","","","","","","","","","1.02202255025474","","",
"East Asia & Pacific","EAS","Physicians (per 1,000 people)","SH.MED.PHYS.ZS","","","","","","","","","","","","","","","","","","","","","","","","","","","","","","","0.939978162155519","","","","","","","","","","1.21307778222341","","","","","","","","","","1.27762802277028","","","","","","","","","","","","2.39850920121295","","",
"Europe & Central Asia (excluding high income)","ECA","Physicians (per 1,000 people)","SH.MED.PHYS.ZS","","","","","","","","","","","","","","","","","","","","","","","","","","","","","","","2.87484065381973","","","","","","","","","","2.38144527163959","","","","","","","","","","2.59469978935536","","","","","","","","","","","","2.8530317107131","","",
"Europe & Central Asia","ECS","Physicians (per 1,000 people)","SH.MED.PHYS.ZS","","","","","","","","","","","","","","","","","","","","","","","","","","","","","","","3.15748234363779","","","","","","","","","","3.09981711339771","","","","","","","","","","3.43692249315009","","","","","","","","","","","","3.89695746074466","","",
"Ecuador","ECU","Physicians (per 1,000 people)","SH.MED.PHYS.ZS","0.396","","","","","0.335","","","","","0.348","","","","","0.351","","0.637","","","","","","","","","","","","","0.934","1.14","1.176","1.089","1.255","1.231","1.303","1.319","1.307","1.369","0.812","0.851","0.849","0.808","0.884","0.902","0.895","0.978","1.096","1.216","1.283","1.382","1.561","1.645","1.684","1.806","2.055","2.225","2.341","2.32","2.313","","","","",
"Egypt, Arab Rep.","EGY","Physicians (per 1,000 people)","SH.MED.PHYS.ZS","0.391","","","","","0.435","","","","","0.527","","","","","0.536","","","","","","","","","","","","","","","","","","","","","","","","","","","","0.494","","","","","","","","","","","0.73","0.763","0.763","0.743","0.716","0.697","0.671","","","","",
"Euro area","EMU","Physicians (per 1,000 people)","SH.MED.PHYS.ZS","","","","","","","","","","","","","","","","","","","","","","","","","","","","","","","3.25231084460453","","","","","","","","","","3.22908516263981","","","","","","","","","","3.67050504242481","","","","","","","","","","","","4.18889179561968","","",
"Eritrea","ERI","Physicians (per 1,000 people)","SH.MED.PHYS.ZS","","","","","","","","","","","","","","","","","","","","","","","","","","","","","","","","","","0.019","","","0.03","","","","0.045","0.041","0.055","0.042","0.055","0.046","0.05","0.045","0.045","0.044","0.044","0.045","0.05","0.056","0.066","0.068","0.072","0.071","0.088","0.077","0.088","0.085","0.088","","",
"Spain","ESP","Physicians (per 1,000 people)","SH.MED.PHYS.ZS","","","","","","","","","","","","","","","","","","","","","","","","","","","","","","","2.037","4.135","4.126","4.175","4.221","4.282","2.724","2.842","2.895","3.019","3.101","3.106","3.105","3.2","3.419","3.521","3.601","3.538","3.523","3.577","3.737","3.814","3.804","3.791","3.781","3.826","3.803","3.854","3.996","4.376","4.546","4.457","4.294","","",
"Estonia","EST","Physicians (per 1,000 people)","SH.MED.PHYS.ZS","","","","","","","","","","","","","","","","","","","","","2.938","","","","","3.35","3.408","3.484","","","3.501","3.526","3.249","3.186","3.171","3.156","3.107","3.189","2.946","2.992","2.942","2.783","2.964","2.996","3.023","3.142","3.182","3.26","3.342","3.281","3.244","3.294","3.284","3.335","3.361","3.417","3.457","3.468","3.483","3.469","3.479","3.43","3.469","","",
"Ethiopia","ETH","Physicians (per 1,000 people)","SH.MED.PHYS.ZS","0.009","","","","","0.014","","","","","0.012","","","","","0.012","","","","","0.011","0.011","","","0.013","","","","0.031","","","","","","0.029","","0.025","0.023","0.021","0.02","0.021","0.028","0.029","0.026","0.026","0.031","0.026","0.022","0.024","0.025","","","","","","","","","0.075","0.089","0.102","0.1","0.105","0.143","",
"European Union","EUU","Physicians (per 1,000 people)","SH.MED.PHYS.ZS","","","","","","","","","","","","","","","","","","","","","","","","","","","","","","","3.03986133126593","","","","","","","","","","3.06749209308793","","","","","","","","","","3.47349785369353","","","","","","","","","","","","4.15125312082381","","",
"Fragile and conflict affected situations","FCS","Physicians (per 1,000 people)","SH.MED.PHYS.ZS","","","","","","","","","","","","","","","","","","","","","","","","","","","","","","","0.710454604456045","","","","","","","","","","0.610337036293349","","","","","","","","","","0.496676883180873","","","","","","","","","","","","0.52751400922641","","",
"Finland","FIN","Physicians (per 1,000 people)","SH.MED.PHYS.ZS","","","","","","","","","","","","","","","","","","","","","","","","","","","","","","","3.002","3.074","3.149","3.226","3.278","2.191","2.26","2.295","2.32","3.671","2.499","2.5","2.527","2.564","3.653","3.674","3.691","3.729","3.742","3.775","3.44","3.543","3.556","3.386","3.448","3.421","3.42","3.437","3.463","3.566","3.61","3.609","","","",
"Fiji","FJI","Physicians (per 1,000 people)","SH.MED.PHYS.ZS","0.495","","","","","","","","","","0.471","","","","","0.476","","","","","0.448","","0.494","","","","","","","0.358","","","0.472","","0.376","","","0.476","0.357","0.326","","","","0.439","","","","","0.373","0.41","","","","0.77","","0.813","","","","","","","","","",
"France","FRA","Physicians (per 1,000 people)","SH.MED.PHYS.ZS","","","","","","","","","","","1.2","1.3","1.3","1.4","1.4","1.5","1.5","1.6","1.7","1.8","1.9","2","2.1","2.1","2.5","2.7","2.8","2.8","2.9","3","3.087","3.136","3.184","3.209","3.243","3.263","3.283","3.302","3.315","3.313","3.328","3.358","3.381","3.396","3.413","3.413","3.406","3.388","3.385","3.339","3.345","3.124","3.139","3.156","3.169","3.184","3.2","3.217","3.214","3.243","3.252","3.264","3.281","","",
"Faroe Islands","FRO","Physicians (per 1,000 people)","SH.MED.PHYS.ZS","","","","","","","","","","","","","","","","","","","","","","","","","","","","","","","","","","","","","","","","","","","","","","","","","","","","","","","","","","","","","","","","","",
"Micronesia, Fed. Sts.","FSM","Physicians (per 1,000 people)","SH.MED.PHYS.ZS","","","","","","","","","","","","","","","","","","","","","","","","","","","","","","","","","","0.451","","","","","","0.573","0.571","","","0.534","","0.557","","","0.588","0.1942","","","0.667","","","","","","","0.762","0.974","","","","",
"Gabon","GAB","Physicians (per 1,000 people)","SH.MED.PHYS.ZS","0.117","","","","","","","","","","0.191","","","","","","","","","","","0.457","","0.433","","0.518","","","0.246","0.494","","0.187","","0.211","0.253","0.286","","","","","","","","","0.278","","","","0.0968","","","","","","","","0.34","0.653","0.618","0.603","0.586","","0.521","","",
"United Kingdom","GBR","Physicians (per 1,000 people)","SH.MED.PHYS.ZS","0.8","0.9","0.9","0.9","0.9","0.9","0.9","0.9","0.9","0.9","0.9","1","1","1.1","1.1","1.1","1.2","1.2","1.2","1.3","","","","","","","","","","","1.614","1.627","1.64","1.677","1.691","1.751","1.791","1.848","1.893","1.907","1.987","2.036","2.107","2.194","2.324","2.4","2.45","2.481","2.559","2.642","2.645","2.682","2.69","2.702","2.738","2.767","2.773","2.802","2.828","2.932","3.028","3.16","3.143","3.301","",
"Georgia","GEO","Physicians (per 1,000 people)","SH.MED.PHYS.ZS","","","","","","","","","","","3.2","3.3","3.32","3.4","3.475","3.63","3.72","3.81","3.95","4","4.123","4.212","4.319","4.333","4.471","4.611","4.699","4.808","4.868","4.971","4.926","4.898","4.726","5.003","4.899","4.792","3.086","3.663","3.803","3.873","3.867","3.793","3.928","3.97","3.96","3.991","4.055","4.099","4.205","4.438","4.679","4.747","4.75","4.799","5.081","5.313","6.351","6.478","7.51","7.452","5.121","5.287","5.538","5.642","",
"Ghana","GHA","Physicians (per 1,000 people)","SH.MED.PHYS.ZS","0.047","","","","","0.073","","","","","0.078","","","","","0.078","","","","","","","","","0.067","","","0.049","","0.043","","","","","","","0.062","","","","","","0.09","","0.148","","","0.07","0.077","0.082","0.091","0.095","0.093","0.1","0.108","0.114","0.123","0.089","0.144","0.104","0.166","0.128","0.143","0.266","",
"Gibraltar","GIB","Physicians (per 1,000 people)","SH.MED.PHYS.ZS","","","","","","","","","","","","","","","","","","","","","","","","","","","","","","","","","","","","","","","","","","","","","","","","","","","","","","","","","","","","","","","","","",
"Guinea","GIN","Physicians (per 1,000 people)","SH.MED.PHYS.ZS","0.036","","","","","0.022","","","","","0.02","","","","","","","","","","","0.022","0.022","","","0.026","","","","","0.134","","","","0.152","0.13","","","","","0.091","","","","0.109","0.102","","","","","","","","","0.161","0.083","0.081","","0.219","","","","0.21","","",
"Gambia, The","GMB","Physicians (per 1,000 people)","SH.MED.PHYS.ZS","0.043","","","","","","","","","","0.041","","","","","0.04","","","","","","","","","","0.081","","","","","","","","0.016","","","","0.035","","","","","","0.099","0.102","0.1","0.102","0.09","0.096","","","","","","","0.096","","0.099","0.124","0.077","0.078","0.104","0.104","0.09","",
"Guinea-Bissau","GNB","Physicians (per 1,000 people)","SH.MED.PHYS.ZS","0.045","","","","","","","","","","0.052","","","","","","","","","","0.141","","","","","0.144","","","","","","","","","0.177","","0.166","","","","","","","","0.139","","","","0.052","0.081","","0.062","","","","0.198","0.1","","0.301","","0.191","0.22","0.252","","",
"Equatorial Guinea","GNQ","Physicians (per 1,000 people)","SH.MED.PHYS.ZS","0.167","","","","","","","","","","0.086","","","","","","","","","","","","","","","","","","","","0.281","","","","","0.208","0.246","","","","","","","","0.17","","","","","","","","","","","","","0.325","","","","","0.153","","",
"Greece","GRC","Physicians (per 1,000 people)","SH.MED.PHYS.ZS","1.3","1.2","1.3","1.3","1.4","1.4","1.4","1.5","1.5","1.6","1.6","1.7","1.7","1.9","2","2","2.1","2.2","2.3","2.3","2.4","2.5","2.6","2.8","2.9","2.9","3.1","3.3","","","3.347","3.613","3.739","3.853","3.868","3.917","3.927","4.051","4.192","4.299","4.382","4.422","4.623","4.783","4.928","5.059","5.41","5.632","5.71","5.791","5.756","5.774","5.778","5.811","5.867","5.902","6.122","6.067","6.105","6.163","6.186","6.366","6.576","","",
"Grenada","GRD","Physicians (per 1,000 people)","SH.MED.PHYS.ZS","0.222","","","","","","","","","","0.346","","","","","","","","","","","","","","0.49","","","","0.553","","0.5","","","0.578","","0.65","","0.389","","0.553","0.54","0.537","0.535","0.533","","","0.627","","","","","","","","","","","1.352","1.383","","","","","","",
"Greenland","GRL","Physicians (per 1,000 people)","SH.MED.PHYS.ZS","1.169","","","","","","","","","","0.905","","","","","","","","","","1.135","","","","","","","","","","","","","","","","","","","","","","","","","","","","","","","","","","","","","","","","","","","","",
"Guatemala","GTM","Physicians (per 1,000 people)","SH.MED.PHYS.ZS","0.184","","","","","0.271","","","","","0.274","","","","","","","","","","","","","","0.47","","","","0.26","","0.78","","","0.25","","1.1","","0.933","","0.872","","","","","","","","","","0.91","","","","","","","","0.286","0.363","","1.281","","","","",
"Guam","GUM","Physicians (per 1,000 people)","SH.MED.PHYS.ZS","","","","","","","","","","","","","","","","","","","","","","","","","","","1.187","","","","","","","","","","","","","1.084","","","","","","","","","","","","","","","","","","","","","","","","","",
"Guyana","GUY","Physicians (per 1,000 people)","SH.MED.PHYS.ZS","0.255","","","","","","","","","","0.235","","","","","0.249","","","","","","","","","0.165","0.168","","","","","0.17","","","0.112","","0.33","","0.181","","","0.479","","","","","","","","","0.214","0.687","","","","","","","","1.79","","1.387","","","","",
"High income","HIC","Physicians (per 1,000 people)","SH.MED.PHYS.ZS","","","","","","","","","","","","","","","","","","","","","","","","","","","","","","","2.52313807854962","","","","","","","","","","2.78856494298818","","","","","","","","","","3.23743131733575","","","","","","","","","","","","3.78180276726561","","",
"Hong Kong SAR, China","HKG","Physicians (per 1,000 people)","SH.MED.PHYS.ZS","0.327","","","","","0.396","","","","","0.663","","","","","0.672","","","","","0.826","","","","","","0.932","","","","","","","1.204","1.271","1.319","","","","","","","","","","","","","","","","","","","","","","","","","","","","","",
"Honduras","HND","Physicians (per 1,000 people)","SH.MED.PHYS.ZS","0.081","","","","","0.19","","","","","0.269","","","","","0.269","","","","0.331","","0.332","","","0.691","","","","0.829","","0.7","0.411","","","","0.65","","0.832","","","0.559","","","","","0.358","","","","","0.293","","","","","","0.589","0.304","","","0.489","","","","",
"Heavily indebted poor countries (HIPC)","HPC","Physicians (per 1,000 people)","SH.MED.PHYS.ZS","","","","","","","","","","","","","","","","","","","","","","","","","","","","","","","0.0874112183502737","","","","","","","","","","0.112479382938004","","","","","","","","","","0.106407444908056","","","","","","","","","","","","0.200202665629356","","",
"Croatia","HRV","Physicians (per 1,000 people)","SH.MED.PHYS.ZS","","","","","","","","","","","","","","","","","","","","","1.673","1.738","1.808","1.858","1.88","","","","","","2.1","1.928","1.975","2.049","2.055","2.105","2.216","2.293","2.317","2.38","2.413","2.453","2.459","2.512","2.574","2.573","2.607","2.734","2.735","2.741","2.861","2.918","2.999","3.042","3.153","3.21","3.265","3.404","3.497","3.59","3.606","3.734","3.909","","",
"Haiti","HTI","Physicians (per 1,000 people)","SH.MED.PHYS.ZS","0.105","","","","","0.07","","","","","0.08","","","","","0.081","","","","","","0.11","","","0.141","0.137","","","0.143","","0.08","","0.084","0.092","","0.16","","","0.244","","","","","","","","","","","","","0.14","","0.234","","0.087","","","0.238","","","","0.292","","",
"Hungary","HUN","Physicians (per 1,000 people)","SH.MED.PHYS.ZS","1.5","1.6","1.7","1.7","1.8","1.9","1.9","2","1.9","2","2","2.1","2.1","2.2","2.2","2.2","2.3","2.3","2.4","2.5","2.3","2.3","2.4","2.4","2.5","2.5","2.6","2.7","2.7","2.7","2.94","3.028","3.006","2.956","2.997","3.355","3.4","3.452","3.526","3.56","3.012","3.255","3.679","3.783","3.344","2.787","3.042","2.809","3.097","3.027","2.875","2.966","3.09","3.21","3.325","3.098","3.212","3.326","3.384","3.494","3.14","3.299","3.456","","",
"IBRD only","IBD","Physicians (per 1,000 people)","SH.MED.PHYS.ZS","","","","","","","","","","","","","","","","","","","","","","","","","","","","","","","1.27281799153906","","","","","","","","","","","","","","","","","","","","1.59906693830764","","","","","","","","","","","","1.94046412974585","","",
"IDA & IBRD total","IBT","Physicians (per 1,000 people)","SH.MED.PHYS.ZS","","","","","","","","","","","","","","","","","","","","","","","","","","","","","","","1.09100109699418","","","","","","","","","","1.21442250198947","","","","","","","","","","1.20487119074909","","","","","","","","","","","","1.55107014441075","","",
"IDA total","IDA","Physicians (per 1,000 people)","SH.MED.PHYS.ZS","","","","","","","","","","","","","","","","","","","","","","","","","","","","","","","0.300892909294152","","","","","","","","","","0.352519116020521","","","","","","","","","","0.374629909149653","","","","","","","","","","","","0.511390512085274","","",
"IDA blend","IDB","Physicians (per 1,000 people)","SH.MED.PHYS.ZS","","","","","","","","","","","","","","","","","","","","","","","","","","","","","","","0.530552040647317","","","","","","","","","","0.579578622921363","","","","","","","","","","0.577797098185083","","","","","","","","","","","","0.765422848110841","","",
"Indonesia","IDN","Physicians (per 1,000 people)","SH.MED.PHYS.ZS","0.021","","","","","0.032","","","","","0.037","","","","","0.037","","","","0.085","","0.08","","0.106","","","","","","0.142","0.144","0.148","","0.057","","","","","","","","","","0.131","","","","","","0.259","0.239","","0.197","","","0.27","","0.373","0.421","0.462","0.62","0.688","0.681","0.524","",
"IDA only","IDX","Physicians (per 1,000 people)","SH.MED.PHYS.ZS","","","","","","","","","","","","","","","","","","","","","","","","","","","","","","","0.174357170822546","","","","","","","","","","0.215969600693699","","","","","","","","","","0.259412654205372","","","","","","","","","","","","0.373015488929292","","",
"Isle of Man","IMN","Physicians (per 1,000 people)","SH.MED.PHYS.ZS","0.248","","","","","0.26","","","","","0.308","","","","","","","","","","","0.684","","","","","0.787","","","","0.577","","","","","","","","","","","","","","","","","","","","1.449","","","","","","","","","","","","","","",
"India","IND","Physicians (per 1,000 people)","SH.MED.PHYS.ZS","0.21","","","","","0.205","","","","","0.205","","","","","0.204","","","","","0.371","0.27","","","0.396","","","","0.407","","","1.231","","","","","","","","","","","","","","","","","","","","","","","0.715","0.723","0.748","0.766","0.84","0.889","0.723","","","","",
"Not classified","INX","Physicians (per 1,000 people)","SH.MED.PHYS.ZS","","","","","","","","","","","","","","","","","","","","","","","","","","","","","","","","","","","","","","","","","","","","","","","","","","","","","","","","","","","","","","","","","",
"Ireland","IRL","Physicians (per 1,000 people)","SH.MED.PHYS.ZS","","","","","","","","","","","","","","","","","","","","","","","","","","","","","","","1.551","1.696","1.994","2.017","1.986","2.095","2.095","2.124","2.183","2.257","2.219","2.373","2.404","2.572","2.74","3.531","3.631","3.838","3.952","4.004","4.128","4.104","3.949","3.927","3.012","3.119","3.193","3.256","3.276","3.317","3.458","4.028","3.362","3.875","",
"Iran, Islamic Rep.","IRN","Physicians (per 1,000 people)","SH.MED.PHYS.ZS","0.244","","","","","0.257","","","","","0.306","","","","","","","","","","","0.338","","","","","0.347","0.376","0.318","","","","","0.318","","","0.85","","1.049","","","","","","0.865","0.861","0.515","","","","","","","","1.43","1.095","","1.071","1.505","","","","","1.811","",
"Iraq","IRQ","Physicians (per 1,000 people)","SH.MED.PHYS.ZS","0.195","","","","","0.2","","","","","0.309","","","","","","","","","","0.563","0.568","","","","","0.596","0.576","","","0.603","","","0.603","","","","","0.55","","","0.543","","","0.658","0.66","","0.528","","","0.636","","","","0.823","0.718","0.707","0.8","0.676","0.881","0.923","0.983","1.022","","",
"Iceland","ISL","Physicians (per 1,000 people)","SH.MED.PHYS.ZS","1.2","1.2","1.2","1.2","1.2","1.2","1.2","1.2","1.3","1.3","1.4","1.5","1.6","1.6","1.7","1.8","1.9","1.9","2","2","2.1","2.2","2.3","2.3","2.4","2.6","2.6","2.7","2.7","2.8","2.849","2.847","2.953","2.953","2.995","3.024","3.119","3.26","3.316","3.381","3.441","3.473","3.578","3.615","4.192","3.612","3.603","3.612","3.641","3.647","3.589","3.504","3.56","3.606","3.643","3.773","3.85","3.872","3.891","3.892","4.318","4.377","4.44","4.373","",
"Israel","ISR","Physicians (per 1,000 people)","SH.MED.PHYS.ZS","2.472","","","","","2.5","","","","","2.881","2.974","3.156","3.304","","","","","","2.694","","","","","","","","","","","3.162","3.298","3.655","3.672","3.706","3.704","3.685","3.778","3.811","3.728","3.697","3.693","3.698","3.699","3.67","3.626","3.593","3.558","3.52","3.526","3.515","3.52","3.503","3.472","3.442","3.431","3.422","3.43","3.477","3.521","3.567","3.636","3.686","3.797","",
"Italy","ITA","Physicians (per 1,000 people)","SH.MED.PHYS.ZS","","","","","","","","","","","","","","","","","","","","","","","","","","","","","","","5.494","5.598","5.678","5.724","5.784","3.763","3.878","3.975","4.049","4.094","3.424","3.487","9.344","3.604","3.667","3.687","3.685","3.752","3.74","3.739","3.763","3.835","3.81","3.873","3.888","3.848","3.963","3.999","3.987","4.024","3.97","4.064","4.191","","",
"Jamaica","JAM","Physicians (per 1,000 people)","SH.MED.PHYS.ZS","0.386","","","","","0.502","","","","","0.38","","","","","","","","","0.361","","0.359","","","0.489","","","","","","0.57","","","0.472","","0.57","","","","","","","","0.848","","","","","0.405","","","","0.363","0.48","0.391","0.428","0.471","","0.548","","","","","0.46","",
"Jordan","JOR","Physicians (per 1,000 people)","SH.MED.PHYS.ZS","0.346","","","","","0.37","","","","","0.404","","","","","0.378","","","","","0.786","1.114","1.128","","1.159","","","","","","","1.348","","","1.625","","","1.66","0.947","1.836","1.778","1.933","2.086","2.155","1.938","2.141","2.136","2.238","2.085","2.055","2.222","","","2.34","2.236","2.726","","2.222","","2.519","","","2.851","","",
"Japan","JPN","Physicians (per 1,000 people)","SH.MED.PHYS.ZS","1","1","1","1","1","1","1","1","1","1.1","1.1","1.1","1.1","1.1","1.1","1.1","1.1","1.2","1.2","1.2","","1.3","","","","1.5","","","","","1.653","","1.703","","1.77","","1.837","","1.887","","1.931","","1.976","","2.029","","2.082","","2.146","","2.212","","2.283","","2.354","","2.423","","2.485","","2.592","","2.649","","",
"Kazakhstan","KAZ","Physicians (per 1,000 people)","SH.MED.PHYS.ZS","","","","","","","","","","","","","","","","","","","","","","","","","","","","","","","3.864","3.734","3.825","3.732","3.573","3.594","3.53","3.241","3.399","3.271","3.158","3.293","3.427","3.468","3.455","3.476","3.572","3.53","3.588","3.65","3.791","3.815","3.786","3.832","3.865","3.726","3.707","3.6","3.531","3.62","3.663","3.711","3.719","3.754","",
"Kenya","KEN","Physicians (per 1,000 people)","SH.MED.PHYS.ZS","0.092","","","","","0.075","","","","","0.125","","","","","0.127","","","","","","0.099","0.12","","","0.154","","","","","","","","0.138","","0.132","","","","","","","0.138","","","","","","0.169","0.171","0.171","0.177","0.184","0.193","0.199","","","","0.16","","0.074","0.098","0.236","0.289","",
"Kyrgyz Republic","KGZ","Physicians (per 1,000 people)","SH.MED.PHYS.ZS","","","","","","","","","","","","","","","","","","","","","","3.088","","","","","","","","","3.373","3.388","3.304","3.037","3.006","3.05","3.128","2.961","2.91","2.84","1.803","1.745","2.017","2.081","1.984","2.02","1.958","1.886","1.892","1.88","1.871","1.897","1.878","1.87","1.837","1.846","1.853","1.835","1.787","1.759","1.692","1.651","1.6","1.568","",
"Cambodia","KHM","Physicians (per 1,000 people)","SH.MED.PHYS.ZS","0.028","","","","","0.045","","","","","0.062","","","","","","","","","","","","","0.058","","","","","","","","","0.107","0.104","0.105","","0.115","","0.142","","0.164","","","","","","","","0.241","0.235","0.227","0.224","0.163","0.14","0.167","0.15","0.197","0.195","0.211","0.211","","","","","",
"Kiribati","KIR","Physicians (per 1,000 people)","SH.MED.PHYS.ZS","0.541","","","","","","","","","","0.613","","","","","","","","","","0.516","","","","","","0.497","","","","0.193","0.176","0.186","0.13","","","","","","","","","","","","","","","0.24","","0.377","0.136","","0.193","","","","","","","","","","","",
"St. Kitts and Nevis","KNA","Physicians (per 1,000 people)","SH.MED.PHYS.ZS","0.235","","","","","","","","","","0.312","","","","","","","","","","0.36","","","","0.458","","","","","","0.693","0.693","0.762","0.777","0.933","1.088","1.119","1.106","1.046","1.031","","1.07","","","","","","","","","","","","","","2.909","","","3.085","","","","","","",
"Korea, Rep.","KOR","Physicians (per 1,000 people)","SH.MED.PHYS.ZS","","","","","","","","","","","","","","","","","","","","","","0.5","0.5","0.5","0.6","0.6","0.6","0.7","0.7","0.8","0.812","0.876","0.949","1.013","1.058","1.116","1.169","1.233","1.269","1.316","1.302","1.397","1.5","1.579","1.577","1.637","1.701","1.753","1.872","1.95","2.016","2.063","2.099","2.175","2.21","2.242","2.29","2.343","2.386","2.458","2.507","2.517","2.61","","",
"Kuwait","KWT","Physicians (per 1,000 people)","SH.MED.PHYS.ZS","0.871","","","","","1.263","","","","","0.954","","","","","","","","","","1.698","1.412","1.62","","","","1.566","","","","","","","","","1.783","","1.89","","","","","","1.9","1.5","1.8","1.46","1.879","1.884","1.91","2.47","2.484","2.475","2.547","2.67","2.647","2.106","2.106","2.03","2.087","2.273","","","","",
"Latin America & Caribbean (excluding high income)","LAC","Physicians (per 1,000 people)","SH.MED.PHYS.ZS","","","","","","","","","","","","","","","","","","","","","","","","","","","","","","","1.18829577443501","","","","","","","","","","1.61100134953888","","","","","","","","","","2.00652544349378","","","","","","","","","","","","2.58485046274083","","",
"Lao PDR","LAO","Physicians (per 1,000 people)","SH.MED.PHYS.ZS","0.02","","","","","0.041","","","","","0.066","","","","","","0.051","","","","","","","","","0.729","","","","","0.234","","","","","0.336","","","","","0.279","","","","0.346","0.267","","","","0.197","0.332","","0.321","0.326","0.377","0.4","0.371","0.44","0.361","0.363","0.356","0.325","0.331","","",
"Lebanon","LBN","Physicians (per 1,000 people)","SH.MED.PHYS.ZS","0.778","","","","","0.938","","","","","0.726","","","","","","","","","1.693","","1.714","","1.255","","","","","","1.862","","1.326","","1.862","","","","2.1","","","","2.614","","","","","2.475","2.309","","","2.298","2.675","","2.315","2.045","2.123","2.136","2.242","2.412","2.611","2.68","","","","",
"Liberia","LBR","Physicians (per 1,000 people)","SH.MED.PHYS.ZS","0.077","","","","","0.08","","","","","0.079","","","","","0.08","","","","","","0.106","","0.107","","","","","","","","","","","","","","0.023","","","","","","","0.033","","","","0.013","0.023","0.022","","","","","0.036","0.049","0.051","0.14","0.145","0.151","0.169","0.178","","",
"Libya","LBY","Physicians (per 1,000 people)","SH.MED.PHYS.ZS","0.152","","","","","0.259","","","","","0.368","","","","","","","","","","1.333","1.633","1.562","1.44","","","","","","","1.071","","","1.441","","","","1.258","","","","","","","1.232","","","","1.79","1.886","","","","","2.037","1.861","","2.042","","","","","","","",
"St. Lucia","LCA","Physicians (per 1,000 people)","SH.MED.PHYS.ZS","0.139","","","","","","","","","","0.187","","","","","","","","","","","","","","0.285","","","","","","0.35","0.393","","0.544","","0.56","","0.473","","","","0.819","0.4391","0.4673","0.4203","0.508","","","","","1.679","1.845","2.19","2.497","1.901","","5.672","6.245","6.367","6.168","4.234","","","","",
"Latin America & Caribbean","LCN","Physicians (per 1,000 people)","SH.MED.PHYS.ZS","","","","","","","","","","","","","","","","","","","","","","","","","","","","","","","1.21742642024689","","","","","","","","","","1.60897205025744","","","","","","","","","","1.99648880487945","","","","","","","","","","","","2.57421521940574","","",
"Least developed countries: UN classification","LDC","Physicians (per 1,000 people)","SH.MED.PHYS.ZS","","","","","","","","","","","","","","","","","","","","","","","","","","","","","","","0.0878678007950506","","","","","","","","","","0.134704105794041","","","","","","","","","","0.190139468867876","","","","","","","","","","","","0.308365019188705","","",
"Low income","LIC","Physicians (per 1,000 people)","SH.MED.PHYS.ZS","","","","","","","","","","","","","","","","","","","","","","","","","","","","","","","0.105934818739312","","","","","","","","","","","","","","","","","","","","0.396787139584859","","","","","","","","","","","","0.380341544310346","","",
"Liechtenstein","LIE","Physicians (per 1,000 people)","SH.MED.PHYS.ZS","","","","","","","","","","","","","","","","","","","","","","","","","","","","","","","","","","","","","","","","","","","","","","","","","","","","","","","","","","","","","","","","","",
"Sri Lanka","LKA","Physicians (per 1,000 people)","SH.MED.PHYS.ZS","0.223","","","","","0.172","","","","","0.169","","","","","0.169","","","","","","0.134","0.134","","","0.181","","","","0.146","","0.148","0.175","0.218","0.194","0.23","0.286","0.308","0.346","0.369","0.413","0.428","","","0.522","0.504","0.505","0.538","0.605","0.662","0.703","0.718","0.742","0.772","0.807","0.83","0.856","0.887","0.958","1.098","1.167","1.144","","1.136","",
"Lower middle income","LMC","Physicians (per 1,000 people)","SH.MED.PHYS.ZS","","","","","","","","","","","","","","","","","","","","","","","","","","","","","","","0.83343919264857","","","","","","","","","","","","","","","","","","","","","","","","","","","","","","","","0.733639153717961","","",
"Low & middle income","LMY","Physicians (per 1,000 people)","SH.MED.PHYS.ZS","","","","","","","","","","","","","","","","","","","","","","","","","","","","","","","0.955933873601418","","","","","","","","","","","","","","","","","","","","1.10101675963696","","","","","","","","","","","","1.4874939012268","","",
"Lesotho","LSO","Physicians (per 1,000 people)","SH.MED.PHYS.ZS","0.042","","","","","0.048","","","","","0.032","","","","","0.032","","","","","","","","","","0.071","","","","","0.043","","","0.05","","0.054","","","","","","","","0.045","","","","","","","0.069","","","","","","","","0.457","","","","0.235","","",
"Late-demographic dividend","LTE","Physicians (per 1,000 people)","SH.MED.PHYS.ZS","","","","","","","","","","","","","","","","","","","","","","","","","","","","","","","1.40991733755033","","","","","","","","","","1.51180361588823","","","","","","","","","","1.75623626976471","","","","","","","","","","","","2.93965818365123","","",
"Lithuania","LTU","Physicians (per 1,000 people)","SH.MED.PHYS.ZS","","","","","","","","","","","","","","","","","","","","","","","","","","3.72","3.816","3.885","3.941","3.977","4.004","3.908","3.586","3.61","3.695","3.686","3.72","3.76","3.723","3.716","3.626","3.628","3.702","3.669","3.627","3.721","3.791","3.884","3.881","3.854","3.947","4.097","4.218","4.276","4.306","4.338","4.466","4.555","4.596","4.568","4.481","4.485","4.466","","",
"Luxembourg","LUX","Physicians (per 1,000 people)","SH.MED.PHYS.ZS","1","1","1","1","1","1","1","1","1.1","1.1","1.1","1.2","1.2","1.2","1.2","1.3","1.3","1.3","1.5","1.6","1.7","1.5","1.7","1.7","1.7","1.8","1.9","1.8","1.9","2","2.007","2.017","2.077","2.135","2.161","2.239","2.315","2.406","2.445","2.496","2.151","2.209","2.256","2.377","2.422","2.557","2.605","2.711","2.716","2.708","2.771","2.777","2.807","2.83","2.882","2.908","2.884","2.984","","","","","","","",
"Latvia","LVA","Physicians (per 1,000 people)","SH.MED.PHYS.ZS","","","","","","","","","","","","","","","","","","","","","3.623","","","","","4.099","4.077","4.112","4.183","4.162","3.548","3.613","3.133","2.904","2.891","2.827","2.834","2.866","2.739","2.717","2.879","2.686","2.788","2.83","2.916","2.959","3.028","3.143","3.233","3.153","3.107","3.134","3.144","3.19","3.216","3.197","3.212","3.205","3.303","3.267","3.338","3.356","3.398","","",
"Macao SAR, China","MAC","Physicians (per 1,000 people)","SH.MED.PHYS.ZS","0.41","","","","","","","","","","0.634","","","","","","","","","","1.067","1.122","","","","","2.428","1.562","","","","","","","","","","","","","","","","","","","","","","","","","","","","","","","","","","","","","",
"St. Martin (French part)","MAF","Physicians (per 1,000 people)","SH.MED.PHYS.ZS","","","","","","","","","","","","","","","","","","","","","","","","","","","","","","","","","","","","","","","","","","","","","","","","","","","","","","","","","","","","","","","","","",
"Morocco","MAR","Physicians (per 1,000 people)","SH.MED.PHYS.ZS","0.106","","","","","0.082","","","","","0.076","","","","","0.076","","","","","","0.054","0.064","","","","","0.217","0.214","","","","","0.214","0.363","","","0.46","","","","0.483","","","0.534","","","0.586","","0.646","","","","0.631","0.913","","","0.734","","","","0.74","","","",
"Monaco","MCO","Physicians (per 1,000 people)","SH.MED.PHYS.ZS","","","","","","","","","","","2.4","1.958","2.208","2.25","2.375","2.36","2.417","2.4","2.32","2.36","2.385","2.231","2.185","","","","","","","","","","2.718","","","","","","","","","","","","","","","","","","","7.375","7.32","8.107","7.756","","","","8.298","8.609","8.609","","","","",
"Moldova","MDA","Physicians (per 1,000 people)","SH.MED.PHYS.ZS","","","","","","","","","","","","","","","","","","","","","2.816","2.895","3.007","3.089","3.193","3.297","3.37","3.444","","","3.479","3.409","3.427","3.475","3.495","3.453","3.511","3.545","3.612","","2.437","2.291","2.33","2.326","2.247","2.515","2.573","2.62","2.623","2.709","2.743","2.828","2.889","3.06","3.091","3.159","3.239","3.285","3.204","4.033","4.038","4.039","4.145","4.016","",
"Madagascar","MDG","Physicians (per 1,000 people)","SH.MED.PHYS.ZS","0.115","","","","","0.093","","","","","0.097","","","","","0.096","","","","","","0.099","","","","0.101","","","","","0.12","","","","","0.272","0.107","","","","","0.087","0.13","0.141","0.149","0.172","0.163","0.173","0.178","0.173","0.186","0.137","0.136","0.146","0.173","","","","0.195","","","","0.172","","",
"Maldives","MDV","Physicians (per 1,000 people)","SH.MED.PHYS.ZS","","","","","","","","","","","0.033","","","","","","","","","","","0.049","0.065","","","","","","","","0.07","0.19","","0.282","","","0.66","","","","","","","","1.002","","","1.701","","1.51","1.455","","","","1.862","","1.32","1.894","1.862","2.235","","","","","",
"Middle East, North Africa, Afghanistan & Pakistan","MEA","Physicians (per 1,000 people)","SH.MED.PHYS.ZS","","","","","","","","","","","","","","","","","","","","","","","","","","","","","","","0.552173714616266","","","","","","","","","","0.836872881639861","","","","","","","","","","0.95570555441206","","","","","","","","","","","","1.29878377722747","","",
"Mexico","MEX","Physicians (per 1,000 people)","SH.MED.PHYS.ZS","","","","","","","","","","","","","","","","","","","","","","","","","","","","","","","0.988","1.177","1.333","1.481","1.58","1.668","1.664","1.701","1.715","1.718","1.631","1.519","1.529","1.58","1.655","1.768","1.886","1.929","1.957","1.987","2.007","2.109","2.12","2.164","2.237","2.34","2.345","2.409","2.456","2.46","2.425","2.541","2.588","","",
"Marshall Islands","MHL","Physicians (per 1,000 people)","SH.MED.PHYS.ZS","","","","","","","","","","","","","","","","","","","","","","","","","","","","","","","","","","","","","0.422","","","","0.471","","","","","","","0.596","","","0.615","0.636","0.467","","","","","","","","","","","","",
"Middle income","MIC","Physicians (per 1,000 people)","SH.MED.PHYS.ZS","","","","","","","","","","","","","","","","","","","","","","","","","","","","","","","0.997487932712482","","","","","","","","","","1.12244249477016","","","","","","","","","","1.17949297950593","","","","","","","","","","","","1.59618735892324","","",
"North Macedonia","MKD","Physicians (per 1,000 people)","SH.MED.PHYS.ZS","","","","","","","","","","","0.89","0.919","0.953","1.012","1.025","1.121","1.114","1.158","1.238","1.311","","","","","","","","","","","2.13","2.182","2.246","2.256","2.261","2.26","2.218","2.217","2.212","2.172","2.166","2.158","2.204","2.137","2.152","2.102","2.483","2.427","2.59","2.603","2.701","2.769","2.839","2.883","3.021","3.017","3.166","3.204","3.315","3.409","3.343","","2.944","","",
"Mali","MLI","Physicians (per 1,000 people)","SH.MED.PHYS.ZS","0.014","","","","","0.019","","","","","0.023","","","","","0.023","","","","","0.039","0.038","","","","0.039","","0.043","0.054","","0.051","","","","0.047","0.043","0.063","","","","0.044","","","","0.055","0.06","0.057","0.06","0.063","0.116","0.096","0.111","0.101","0.113","0.097","0.094","0.117","0.113","0.12","","","","0.191","0.188","",
"Malta","MLT","Physicians (per 1,000 people)","SH.MED.PHYS.ZS","0.891","","","","","","","","","","1.072","1.026","","","","1.276","","","","","","1.172","1.266","","1.38","","","2.032","","","2.175","2.357","2.335","2.406","","","","2.368","2.499","","2.561","3.031","3.21","3.072","3.369","3.404","3.764","3.253","3.279","2.987","3.026","3.107","3.237","3.421","3.604","3.676","3.828","3.965","3.972","4.026","4.164","4.294","4.513","","",
"Myanmar","MMR","Physicians (per 1,000 people)","SH.MED.PHYS.ZS","0.065","","","","","0.085","","","","","0.114","","","","","","","","","","","0.203","","","","0.27","","","","0.081","0.078","","","","","0.293","","","","0.297","0.302","","","","0.378","0.392","0.429","0.453","0.49","0.504","0.539","0.568","0.599","","","","0.638","0.889","0.696","0.757","","","","","",
"Middle East, North Africa, Afghanistan & Pakistan (excluding high income)","MNA","Physicians (per 1,000 people)","SH.MED.PHYS.ZS","","","","","","","","","","","","","","","","","","","","","","","","","","","","","","","0.474465105618779","","","","","","","","","","0.767982340767799","","","","","","","","","","","","","","","","","","","","","","1.12862230709656","","",
"Montenegro","MNE","Physicians (per 1,000 people)","SH.MED.PHYS.ZS","","","","","","","","","","","","","","","","","","","","","","","","","","","","","","","","","","","","","","","","1.8","1.823","1.85","1.84","1.798","1.879","1.897","1.942","1.947","2.073","2.072","2.019","1.99","2.014","2.129","2.17","2.372","2.589","2.675","2.809","2.792","2.831","2.878","2.808","2.783","",
"Mongolia","MNG","Physicians (per 1,000 people)","SH.MED.PHYS.ZS","0.91","","","","","1.378","","","","","1.729","","","","","","","","","","","","","","","","","","","","2.538","2.695","2.618","","","","","","2.433","2.54","2.647","2.68","2.729","2.632","2.592","2.648","2.739","2.813","2.879","2.679","2.775","2.893","3.075","3.125","3.193","3.243","3.289","3.407","3.526","3.647","3.778","3.884","4.13","","",
"Northern Mariana Islands","MNP","Physicians (per 1,000 people)","SH.MED.PHYS.ZS","","","","","","","","","","","","","","","","","","","","","","","","","","","","","","","","","","","","","","","","0.445","","","","","","","","","","","","","","","","","","","","","","","","","",
"Mozambique","MOZ","Physicians (per 1,000 people)","SH.MED.PHYS.ZS","0.043","","","","","0.056","","","","","0.053","","","","","","","","","","0.025","0.027","0.026","","","0.021","","","","0.028","0.012","","","","","","","","","","0.024","","","","0.026","","0.026","","","0.047","0.05","0.054","0.056","0.058","","","","0.077","0.085","0.086","0.084","0.082","0.175","","",
"Mauritania","MRT","Physicians (per 1,000 people)","SH.MED.PHYS.ZS","0.024","","","","","0.027","","","","","0.056","","","","","0.055","","0.069","","","","","","","0.083","0.113","","","","","0.063","","","0.063","","0.138","","","","","","","","","0.109","","","","","0.136","0.161","","","","0.162","0.175","","0.188","0.196","0.201","0.203","0.219","0.261","","",
"Mauritius","MUS","Physicians (per 1,000 people)","SH.MED.PHYS.ZS","0.215","","","","","0.255","","","","","0.24","","","","","0.235","","","","","0.521","0.552","","","","0.529","","","","0.858","0.811","0.835","0.847","0.844","0.845","0.85","","","","","0.888","0.903","0.961","0.944","1.043","1.068","1.108","1.123","1.138","1.153","1.169","1.407","1.336","1.585","1.88","1.973","2.144","2.268","1.858","2.558","2.689","","1.436","","",
"Malawi","MWI","Physicians (per 1,000 people)","SH.MED.PHYS.ZS","0.027","","","","","0.021","","","","","0.013","","","","","","","","","","","0.019","","","0.087","","","","","0.023","0.022","","","0.028","","","","","","","","","","0.021","0.021","","","","0.018","0.018","","","","0.012","","","0.031","","0.15","","0.049","","0.054","","",
"Malaysia","MYS","Physicians (per 1,000 people)","SH.MED.PHYS.ZS","0.143","","","","","0.161","","","","","0.232","","","","","0.234","","","","","0.255","0.255","","","","0.315","0.335","0.348","0.367","0.374","0.393","0.392","0.41","0.429","0.446","0.473","0.489","0.667","0.686","0.691","0.68","0.686","0.724","0.737","0.722","0.778","0.83","0.879","0.911","1.086","1.151","1.255","1.305","1.555","1.484","1.489","1.576","1.787","1.858","2.021","2.183","2.268","2.29","2.341","",
"North America","NAC","Physicians (per 1,000 people)","SH.MED.PHYS.ZS","","","","","","","","","","","","","","","","","","","","","","","","","","","","","","","1.82995642941219","","","","","","","","","","2.52646749797692","","","","","","","","","","","","","","","","","","","","","","3.59100809174329","","",
"Namibia","NAM","Physicians (per 1,000 people)","SH.MED.PHYS.ZS","","","","","","","","","","","","","","","","","","","","","","","","","","","","","","","","0.231","0.232","","","","","0.295","","","","","","","0.308","","","0.383","","","","","","","","","","0.567","0.335","0.368","0.38","0.42","0.553","","",
"New Caledonia","NCL","Physicians (per 1,000 people)","SH.MED.PHYS.ZS","","","","","","","","","","","","","","","","","","","","","","","","0.653","","","","","","","","","","","","","","","","1.982","","","","","","","","","","","","","","","","","","","","","","","","","",
"Niger","NER","Physicians (per 1,000 people)","SH.MED.PHYS.ZS","0.011","","","","","0.016","","","","","0.017","","","","","0.016","","","","","","","","","0.025","","","","","","0.018","","0.027","","0.023","","0.024","0.035","0.033","","","","0.033","","0.022","","","","0.019","0.028","","","0.053","0.051","0.027","0.032","0.033","0.022","0.037","0.039","0.035","","0.028","0.038","",
"Nigeria","NGA","Physicians (per 1,000 people)","SH.MED.PHYS.ZS","0.017","","","","","0.043","","","","","0.05","","","","","0.049","","","","","0.113","","0.149","","","0.192","0.187","","","0.192","","","0.185","0.192","","","","","","","0.269","","","0.255","","0.27","0.333","0.361","0.359","0.36","","","","0.363","","","0.428","","0.364","0.356","","0.386","0.386","0.38","",
"Nicaragua","NIC","Physicians (per 1,000 people)","SH.MED.PHYS.ZS","0.34","","","","","0.378","","","","","0.453","","","","","0.46","","","","","0.416","0.426","","","0.637","","","","0.471","","0.657","","","","","0.82","","0.856","","","","","","0.392","","0.509","0.501","0.535","0.659","0.714","0.739","0.825","0.872","0.91","0.906","0.942","0.965","1","0.682","","","","","","",
"Netherlands","NLD","Physicians (per 1,000 people)","SH.MED.PHYS.ZS","1.1","1.1","1.1","1.1","1.1","1.2","1.2","1.2","1.2","1.2","1.2","1.3","1.4","1.4","1.5","1.6","1.7","1.7","1.8","1.8","","","","","","","","","","","2.492","2.578","","","","","","","","2.361","2.423","2.494","2.553","2.594","2.625","2.684","2.77","2.768","2.844","2.896","2.936","3.103","3.223","3.282","3.392","3.457","3.501","3.565","3.632","3.713","3.805","3.875","3.876","","",
"Norway","NOR","Physicians (per 1,000 people)","SH.MED.PHYS.ZS","1.2","","1.2","1.1","1.2","1.3","1.3","1.3","1.4","1.4","1.4","1.5","1.5","1.6","1.7","1.7","1.8","1.9","1.9","1.9","2","2","2.1","2.1","2.2","2.2","2.3","2.5","","","","2.602","2.656","2.702","2.785","2.953","3.047","3.075","3.166","3.287","3.38","3.54","3.218","3.23","3.401","3.563","3.732","3.844","3.955","4.048","4.114","4.188","4.232","4.306","4.429","4.091","4.22","4.346","4.466","4.578","4.682","4.768","4.908","4.975","",
"Nepal","NPL","Physicians (per 1,000 people)","SH.MED.PHYS.ZS","0.013","","","","","0.021","","","","","0.019","","","","","0.019","","","","","0.034","","","","0.031","0.034","","0.051","0.051","0.054","0.051","0.062","0.076","0.074","","0.04","0.04","0.04","0.04","","","0.052","","","0.207","","","","","","","","0.506","0.55","","","","0.681","0.749","0.815","0.857","0.884","","1.011","",
"Nauru","NRU","Physicians (per 1,000 people)","SH.MED.PHYS.ZS","","","","","","","","","","","","","","","","","","","","","","","","","","","","","","","","","","","","1.569","","","","","","","","","0.99","","","","1","1","1.1","1.386","","","","1.273","","","","","","","","","",
"New Zealand","NZL","Physicians (per 1,000 people)","SH.MED.PHYS.ZS","","1.1","","","","","1.1","","","","","1.1","","1.2","","","1.3","1.4","1.4","1.5","1.6","1.6","1.6","1.7","1.7","1.7","1.8","1.8","1.9","1.9","1.866","1.889","1.903","1.923","1.983","2.049","2.047","2.177","2.228","2.246","2.233","2.182","2.124","2.177","2.19","2.105","2.273","2.298","2.463","2.58","2.625","2.655","2.713","2.822","2.889","3.031","3.115","3.253","3.311","3.37","3.442","3.531","3.611","","",
"OECD members","OED","Physicians (per 1,000 people)","SH.MED.PHYS.ZS","","","","","","","","","","","","","","","","","","","","","","","","","","","","","","","2.07323669056257","","","","","","","","","","2.3952140732296","","","","","","","","","","2.72938135324437","","","","","","","","","","","","3.42958657784355","","",
"Oman","OMN","Physicians (per 1,000 people)","SH.MED.PHYS.ZS","0.03","","","","","0.038","","","","","","","","","","","","","","","","","0.549","","","","","0.834","","0.883","0.817","","","","","1.168","","0.877","0.944","0.965","1.428","1.47","1.513","1.576","1.61","1.7","1.821","1.91","1.978","2.072","2.126","2.057","1.989","2.001","2.162","2.13","1.964","2.013","2.104","2.091","2.003","2.006","1.992","","",
"Other small states","OSS","Physicians (per 1,000 people)","SH.MED.PHYS.ZS","","","","","","","","","","","","","","","","","","","","","","","","","","","","","","","1.31738575340985","","","","","","","","","","1.41918708617506","","","","","","","","","","1.39755160111887","","","","","","","","","","","","1.82890468087854","","",
"Pakistan","PAK","Physicians (per 1,000 people)","SH.MED.PHYS.ZS","0.185","","","","","","","","","","0.232","","","","","0.233","","","","","0.285","0.344","0.342","","","","0.351","","","","0.462","0.48","0.486","0.496","0.506","0.518","0.536","0.551","0.564","0.579","0.593","0.604","","","0.679","0.72","","0.693","0.707","0.718","0.727","0.748","0.775","0.795","0.818","0.85","0.89","0.932","0.917","1.049","","1.16","","","",
"Panama","PAN","Physicians (per 1,000 people)","SH.MED.PHYS.ZS","0.356","","","","","0.478","","","","","0.613","","","","","0.597","","","","","","0.993","","","1.021","1.006","","","1.793","","1.12","1.129","1.151","1.184","1.132","1.173","1.213","1.211","1.201","1.241","","1.252","1.343","1.348","1.329","1.355","1.356","1.309","1.387","1.315","1.411","1.503","1.603","1.586","1.588","1.579","1.573","1.589","1.609","1.637","1.63","1.737","1.625","","",
"Peru","PER","Physicians (per 1,000 people)","SH.MED.PHYS.ZS","0.51","","","","","0.605","","","","","0.521","","","","","0.526","","","","0.692","0.716","0.76","0.846","0.902","0.908","0.929","0.984","0.983","0.965","1.035","1.064","","1.03","","","0.98","","0.932","","1.138","","","","","","","","1.653","","0.944","","","1.139","","","","1.307","","1.373","1.354","1.436","1.673","1.649","1.688","",
"Philippines","PHL","Physicians (per 1,000 people)","SH.MED.PHYS.ZS","0.146","","","","","","","","","","0.111","","","","","0.113","","","","","0.128","0.15","","","0.154","0.154","","","","0.124","0.119","","0.108","","","","1.23","1.24","","","1.194","1.194","1.088","1.201","1.086","1.205","1.214","1.221","1.232","1.237","0.543","0.554","0.564","0.574","0.589","0.609","0.631","0.66","0.695","0.732","0.752","0.792","","","",
"Palau","PLW","Physicians (per 1,000 people)","SH.MED.PHYS.ZS","","","","","","","","","","","","","","","","","","","","","","","","","","","","","","","","","","","","","","","1.405","","","","","","","","1.327","","","1.551","1.576","","","","1.412","","","1.91","1.573","2.191","1.798","2.809","2.472","1.808","",
"Papua New Guinea","PNG","Physicians (per 1,000 people)","SH.MED.PHYS.ZS","","","","","","0.079","","","","","0.086","","","0.056","","0.085","","","","","0.062","0.062","","","","0.162","","","","","0.073","","","","","","","","0.073","","0.05","","","","","","","","0.046","","0.049","","","","","","","","0.064","0.06","","0.063","","0.061","",
"Poland","POL","Physicians (per 1,000 people)","SH.MED.PHYS.ZS","1","1","1.1","1.1","1.2","1.2","1.3","1.3","1.4","1.4","1.4","1.5","1.5","1.5","1.6","1.6","1.6","1.7","1.7","1.7","1.8","1.8","1.8","1.9","1.9","2","2","2.1","","","2.145","2.174","2.19","2.229","2.288","2.331","2.368","2.376","2.351","2.286","2.223","2.267","2.304","2.434","2.291","2.14","2.183","2.197","2.169","2.179","2.184","2.204","2.223","2.228","2.292","2.311","2.397","2.36","2.341","3.279","3.303","3.415","3.424","4.031","",
"Pre-demographic dividend","PRE","Physicians (per 1,000 people)","SH.MED.PHYS.ZS","","","","","","","","","","","","","","","","","","","","","","","","","","","","","","","0.131361420085398","","","","","","","","","","0.174684606300287","","","","","","","","","","0.191266513031363","","","","","","","","","","","","0.264731280529343","","",
"Puerto Rico (US)","PRI","Physicians (per 1,000 people)","SH.MED.PHYS.ZS","","","","","","","","","","","","","","","","","","","","","","","","","","","","","","","","","","","","1.75","","","","","","","","","","","","","","","","","","","","","","","","","","","","","",
"Korea, Dem. People's Rep.","PRK","Physicians (per 1,000 people)","SH.MED.PHYS.ZS","","","","","","","","","","","","","","","","","","","","","","","2.549","2.511","","","","","","","","","","","","2.97","","","","","","","","3.097","","","","","3.228","","","","3.39","","3.451","","3.645","3.628","","","","","","","",
"Portugal","PRT","Physicians (per 1,000 people)","SH.MED.PHYS.ZS","0.8","0.8","0.9","0.8","0.8","0.9","0.9","0.9","1","0.9","0.9","1","1","1.1","1.2","1.2","1.3","1.5","1.7","1.9","","","","","","","","","","","2.805","2.843","2.864","2.877","2.896","2.929","3.008","3.049","3.106","3.127","3.207","3.258","3.291","3.342","3.417","3.502","3.572","3.657","3.752","3.858","3.982","4.123","4.241","4.399","4.562","4.748","4.93","5.103","5.276","5.422","5.576","5.711","5.851","","",
"Paraguay","PRY","Physicians (per 1,000 people)","SH.MED.PHYS.ZS","0.534","","","","","0.533","","","","","0.435","","","","","0.439","","","","0.563","","0.579","","","0.701","0.675","","","0.64","","0.65","0.813","","","0.28","0.73","","1.098","","","1.17","","1.208","","","","","","","","","","1.391","","","","","","1.466","","1.296","3.252","3.893","","",
"West Bank and Gaza","PSE","Physicians (per 1,000 people)","SH.MED.PHYS.ZS","","","","","","","","","","","","","","","","","","","","","","","","","","","","","","","","","","","","","","","0.5","","","0.837","","","","","","","","","","","","","","","","1.774","2.168","","","","","","",
"Pacific island small states","PSS","Physicians (per 1,000 people)","SH.MED.PHYS.ZS","","","","","","","","","","","","","","","","","","","","","","","","","","","","","","","0.276852135195761","","","","","","","","","","0.354085182664357","","","","","","","","","","0.345272246559031","","","","","","","","","","","","","","",
"Post-demographic dividend","PST","Physicians (per 1,000 people)","SH.MED.PHYS.ZS","","","","","","","","","","","","","","","","","","","","","","","","","","","","","","","2.43384017094181","","","","","","","","","","2.6793332889314","","","","","","","","","","3.14970989539366","","","","","","","","","","","","3.71573160058024","","",
"French Polynesia","PYF","Physicians (per 1,000 people)","SH.MED.PHYS.ZS","","","","","","","","","","","","","","","","","","","","","","","","","","1.252","","","","","","","","","","","","","","","1.697","","","","","","","","","","","","","","","","","","","","","","","","",
"Qatar","QAT","Physicians (per 1,000 people)","SH.MED.PHYS.ZS","","","","","","","","","","","0.513","","","","","","","","","","","0.738","","","","","1.676","","","","1.5","","","","","","1.26","1.26","","","","2.217","","","","2.605","2.378","","3.231","3.232","4.048","","","","1.927","","2.751","","2.504","","","","","3.022","",
"Romania","ROU","Physicians (per 1,000 people)","SH.MED.PHYS.ZS","1.269","","","","","1.316","","","","","1.185","1.208","","1.242","","1.318","1.332","1.355","1.377","1.413","1.476","1.541","1.635","1.972","1.724","1.762","1.783","1.79","1.805","1.811","1.823","1.835","1.856","1.763","1.763","1.77","1.815","1.802","1.854","1.906","1.961","1.988","2.104","2.007","2.25","2.234","2.231","2.309","2.426","2.449","2.485","2.522","2.598","2.633","2.69","2.758","2.83","2.912","3.028","3.165","3.307","3.486","3.625","","",
"Russian Federation","RUS","Physicians (per 1,000 people)","SH.MED.PHYS.ZS","","","","","","","","","","","","","","","","","","","","","","","","","","3.871","3.939","4.004","4.04","4.085","4.479","4.23","4.28","4.331","4.297","4.408","4.519","4.555","4.605","4.635","4.636","4.639","4.676","4.705","4.74","4.774","4.873","4.917","4.894","4.944","4.973","4.22","4.003","3.987","4.12","3.925","3.964","4.058","4.097","4.165","3.807","5.087","5.111","","",
"Rwanda","RWA","Physicians (per 1,000 people)","SH.MED.PHYS.ZS","0.008","","","","","0.014","","","","","0.017","","","","","0.017","","","","","0.032","0.031","","0.029","","0.027","","","","0.04","","","","0.04","","","","","","","","","0.019","","0.049","0.024","","","0.052","0.055","0.055","0.0129","","0.1","0.089","0.11","0.12","0.135","0.132","0.117","0.116","0.121","0.09","","",
"South Asia","SAS","Physicians (per 1,000 people)","SH.MED.PHYS.ZS","","","","","","","","","","","","","","","","","","","","","","","","","","","","","","","1.07388834226097","","","","","","","","","","","","","","","","","","","","","","","","","","","","","","","","0.734049151018125","","",
"Saudi Arabia","SAU","Physicians (per 1,000 people)","SH.MED.PHYS.ZS","0.061","","","","","0.106","","","","","0.134","","","","","","","","","","","0.55","","","","","1.346","","","","1.433","","","1.335","","","","1.66","","","0.924","0.849","","","","","","","1.971","1.937","2.244","2.27","2.273","2.426","2.371","2.444","2.466","2.676","2.899","2.633","3.076","3.2","3.482","3.406","",
"Sudan","SDN","Physicians (per 1,000 people)","SH.MED.PHYS.ZS","0.03","","","","","0.041","","","","","0.068","","","","","0.068","","","","","0.11","0.101","","","0.096","","0.09","","","","","","","","0.105","","0.09","","","","0.158","","","","0.247","","0.346","0.346","0.322","","","","","","","0.396","","0.25","","","","","","","",
"Senegal","SEN","Physicians (per 1,000 people)","SH.MED.PHYS.ZS","0.044","","","","","0.051","","","","","0.063","","","","","0.061","","","","","","0.079","0.077","","","","","","","","0.055","","0.068","","0.096","0.075","0.093","0.093","0.095","","","","","","0.054","","","","0.062","","","","","0.3179","","0.2074","0.077","0.069","","0.088","0.082","0.099","0.124","0.109","",
"Singapore","SGP","Physicians (per 1,000 people)","SH.MED.PHYS.ZS","0.42","","","","","0.526","","","","","0.657","","","","","0.667","","","","","0.851","0.877","","","","0.998","0.723","","1.111","","1.266","1.32","1.348","1.385","1.411","","","","1.627","1.343","1.382","1.439","1.454","1.521","1.556","1.581","1.573","1.606","1.631","1.675","1.779","1.861","1.932","2.034","2.15","2.255","2.325","2.389","2.443","2.519","2.638","2.781","2.834","","",
"Solomon Islands","SLB","Physicians (per 1,000 people)","SH.MED.PHYS.ZS","0.186","","","","","","","","","","0.205","","","","","","","","","","","","","","","","0.135","","","0.152","","","0.157","","","0.14","","","","0.125","","","","0.129","","0.184","","","0.175","","","0.197","0.15","0.18","","","0.181","","","","","","","0.238","",
"Sierra Leone","SLE","Physicians (per 1,000 people)","SH.MED.PHYS.ZS","0.047","","","","","0.059","","","","","0.056","","","","","0.054","","","","","0.058","0.053","","","0.075","","","","","","","","","","","","0.073","","","","","","","","0.031","","","","0.0155","","0.022","0.026","","","","","","","0.075","0.033","0.073","","0.134","","",
"El Salvador","SLV","Physicians (per 1,000 people)","SH.MED.PHYS.ZS","0.187","","","","","","","","","","0.243","","","","","0.242","","","","","0.326","0.387","","","0.352","","","","0.647","","0.84","","","0.66","","0.91","","1.071","","1.229","","","1.326","","","1.724","","","1.914","","","","","","","","1.5662","","2.963","","","2.94","1.566","1.616","",
"San Marino","SMR","Physicians (per 1,000 people)","SH.MED.PHYS.ZS","","","","","","","","","","","","","","","","","","","","","2.06","2.218","2.181","2.247","2.166","2.287","2.399","2.519","2.538","2.423","","","","","","","","","","","","","","","","","","","","","","4.814","4.896","4.881","5.964","","","","","","","","4.663","4.629","",
"Somalia, Fed. Rep.","SOM","Physicians (per 1,000 people)","SH.MED.PHYS.ZS","0.024","","","","","0.027","","","","","0.037","","","","","0.038","","","","","0.046","0.041","","","0.071","","","","","","","","","0.042","","","","0.04","","","","","","","","","0.027","","","","","","","","0.048","","","","","","","","","","",
"Serbia","SRB","Physicians (per 1,000 people)","SH.MED.PHYS.ZS","","","","","","","","","","","","","","","","","","","","","","","","","","","","","","","","","","","","","","","","","","","","2.707","2.772","2.757","2.783","2.852","2.943","2.973","3.017","3.043","3.047","3.058","3.03","3.043","2.926","2.937","2.966","","2.875","3.029","3.099","","",
"Sub-Saharan Africa (excluding high income)","SSA","Physicians (per 1,000 people)","SH.MED.PHYS.ZS","","","","","","","","","","","","","","","","","","","","","","","","","","","","","","","0.16002879794321","","","","","","","","","","","","","","","","","","","","0.201880142206923","","","","","","","","","","","","0.261259841171875","","",
"South Sudan","SSD","Physicians (per 1,000 people)","SH.MED.PHYS.ZS","","","","","","","","","","","","","","","","","","","","","","","","","","","","","","","","","","","","","","","","","","","","","","","","","","","","","","","","","","","0.041","0.033","0.043","","0.041","","",
"Sub-Saharan Africa","SSF","Physicians (per 1,000 people)","SH.MED.PHYS.ZS","","","","","","","","","","","","","","","","","","","","","","","","","","","","","","","0.145673202678101","","","","","","","","","","0.12684015290204","","","","","","","","","","0.183321233009679","","","","","","","","","","","","0.249646655931918","","",
"Small states","SST","Physicians (per 1,000 people)","SH.MED.PHYS.ZS","","","","","","","","","","","","","","","","","","","","","","","","","","","","","","","0.995219101234508","","","","","","","","","","1.09760124397473","","","","","","","","","","1.21610408829536","","","","","","","","","","","","1.8737611859239","","",
"Sao Tome and Principe","STP","Physicians (per 1,000 people)","SH.MED.PHYS.ZS","0.3","","","","","","","","","","0.233","","","","","","","","","","0.438","0.419","","0.537","","","","","","0.546","0.53","","0.328","","","","0.467","","","","","","","","0.514","","","","","","","","","","","0.315","","","","0.492","","","0.464","","",
"Suriname","SUR","Physicians (per 1,000 people)","SH.MED.PHYS.ZS","0.51","","","","","","","","","","0.465","","","","","","","","","","","","","","0.791","","","","","","0.75","","","0.762","","0.75","0.252","","","","0.401","","","","0.778","","","","","0.679","","","","","","1.006","1.087","1.139","0.787","","","1.466","","1.355","",
"Slovak Republic","SVK","Physicians (per 1,000 people)","SH.MED.PHYS.ZS","","","","","","","","","","","","","","","","","","","","","","","","","","","","","","","","","","","","","","","","3.3192","3.238","3.223","3.201","3.148","3.151","3.035","3.169","3.388","3.369","3.305","3.359","3.307","3.366","3.393","3.43","3.454","3.476","3.423","3.523","3.569","3.671","3.683","3.697","","",
"Slovenia","SVN","Physicians (per 1,000 people)","SH.MED.PHYS.ZS","","","","","","","","","","","","","","","","","","","","","1.771","","1.843","","1.861","1.879","1.882","2.004","2.024","2.063","2.057","2.078","2.089","2.029","2.191","2.121","2.14","2.235","2.189","2.128","2.154","2.174","2.229","2.251","2.302","2.35","2.366","2.39","2.397","2.415","2.435","2.5","2.546","2.634","2.775","2.83","3.019","3.107","3.185","3.27","3.303","3.335","3.367","","",
"Sweden","SWE","Physicians (per 1,000 people)","SH.MED.PHYS.ZS","1","1","1","1","1.1","1.1","1.1","1.2","1.2","1.3","1.3","1.4","1.5","1.5","1.6","1.7","1.8","1.9","2","2","2.2","2.3","2.3","2.4","2.6","2.6","2.8","2.8","2.8","2.8","3.249","3.361","3.468","3.566","3.656","2.817","2.838","2.854","2.919","2.966","3.026","3.121","3.212","3.283","3.373","3.454","3.543","3.625","3.681","3.749","3.808","3.888","3.967","4.043","4.109","4.174","4.233","4.269","4.322","4.288","4.322","4.408","","","",
"Eswatini","SWZ","Physicians (per 1,000 people)","SH.MED.PHYS.ZS","0.104","","","","","","","","","","0.124","","","","","","","","","","","","","0.053","","","","","","","0.108","","","","","","0.151","","","","","0.17","","0.15","0.159","","","","","0.157","","0.098","","","","","0.093","0.18","0.238","","0.138","","0.561","0.557","",
"Sint Maarten (Dutch part)","SXM","Physicians (per 1,000 people)","SH.MED.PHYS.ZS","","","","","","","","","","","","","","","","","","","","","","","","","","","","","","","","","","","","","","","","","","","","","","","","","","","","","","","","","","","","","","","","","",
"Seychelles","SYC","Physicians (per 1,000 people)","SH.MED.PHYS.ZS","0.312","","","","","","","","","","0.224","","","","","0.218","","","","","","","","0.407","","0.445","","","","","","","","1.027","","","1.324","","","","","","","","1.372","1.165","0.83","0.995","0.757","1.1","1.053","1.103","0.935","","","","1.849","","2.087","1.869","","3.634","6.598","","",
"Syrian Arab Republic","SYR","Physicians (per 1,000 people)","SH.MED.PHYS.ZS","0.216","","","","","0.185","","","","","0.259","","","","","0.256","","","","","0.446","0.463","","","","","0.807","0.783","","0.863","0.835","","","","","","","1.276","1.32","1.318","1.347","","1.435","1.368","1.412","1.501","","1.417","1.419","1.362","1.388","","","","1.432","","1.172","1.468","1.5","1.517","1.5","1.521","","","",
"Turks and Caicos Islands","TCA","Physicians (per 1,000 people)","SH.MED.PHYS.ZS","","","","","","","","","","","","","","","","","","","","","","","","","","","","","","","","","","","","","","","","","","","","","","","","","","","","","","","","","","","","","","","","","",
"Chad","TCD","Physicians (per 1,000 people)","SH.MED.PHYS.ZS","0.014","","","","","0.014","","","","","0.016","","","","","","","","0.021","","","","","","","","0.026","","","0.026","","","","","0.033","","","0.025","0.02","0.028","0.028","","","","0.035","","0.034","","","","","","0.04","0.042","0.043","0.048","0.036","0.042","0.05","0.052","0.058","0.056","0.082","0.085","",
"East Asia & Pacific (IDA & IBRD countries)","TEA","Physicians (per 1,000 people)","SH.MED.PHYS.ZS","","","","","","","","","","","","","","","","","","","","","","","","","","","","","","","0.86995459963443","","","","","","","","","","1.13449769649654","","","","","","","","","","1.14263478359337","","","","","","","","","","","","2.3382424600285","","",
"Europe & Central Asia (IDA & IBRD countries)","TEC","Physicians (per 1,000 people)","SH.MED.PHYS.ZS","","","","","","","","","","","","","","","","","","","","","","","","","","","","","","","3.31742894988096","","","","","","","","","","3.13606404692811","","","","","","","","","","3.34628339961149","","","","","","","","","","","","3.71843177913449","","",
"Togo","TGO","Physicians (per 1,000 people)","SH.MED.PHYS.ZS","0.021","","","","","0.043","","","","","0.035","","","","","0.035","","","","","0.055","0.049","","","0.117","","0.085","","","","","0.088","","","0.056","0.076","","","","","","0.057","","","0.043","","","0.047","0.055","","0.0506","","","","","0.047","0.044","0.072","0.074","0.074","0.079","0.057","0.08","","",
"Thailand","THA","Physicians (per 1,000 people)","SH.MED.PHYS.ZS","0.129","","","","","0.14","","","","","0.121","","","","","","","","","","0.147","","","","0.16","","0.182","","0.21","","0.225","0.23","","0.238","","0.24","","0.273","0.292","0.291","","0.298","0.295","","0.289","","0.284","0.292","0.311","0.333","0.383","","","","","0.453","0.433","0.788","0.518","0.548","0.509","0.541","","","",
"Tajikistan","TJK","Physicians (per 1,000 people)","SH.MED.PHYS.ZS","","","","","","","","","","","","","","","","","","","","","","","","","","2.527","2.556","2.582","","","2.505","2.555","2.314","2.119","2.17","2.035","1.972","1.918","2.032","2.088","2.148","2.095","2.008","1.906","1.914","1.917","1.88","1.861","1.895","1.616","1.67","1.693","1.697","1.677","1.727","1.747","1.754","1.785","1.934","1.933","1.995","1.949","1.939","1.87","",
"Turkmenistan","TKM","Physicians (per 1,000 people)","SH.MED.PHYS.ZS","","","","","","","","","","","","","","","","","","","","","2.839","","","","","3.304","3.44","3.527","3.55","3.6","3.614","3.673","3.589","3.57","3.535","3.17","3.222","3.171","","","2.708","2.702","2.657","2.551","2.479","2.356","2.236","2.175","2.126","2.105","2.079","2.079","2.029","1.999","2.002","1.974","1.959","1.969","1.971","1.957","1.96","1.917","1.916","1.93","",
"Latin America & the Caribbean (IDA & IBRD countries)","TLA","Physicians (per 1,000 people)","SH.MED.PHYS.ZS","","","","","","","","","","","","","","","","","","","","","","","","","","","","","","","1.15682154685149","","","","","","","","","","1.51253064845163","","","","","","","","","","1.89688111335972","","","","","","","","","","","","2.45380103637718","","",
"Timor-Leste","TLS","Physicians (per 1,000 people)","SH.MED.PHYS.ZS","","","","","","","","","","","","","","","","","","","","","","","","","","","","","","","","","","","","","","","","","","","","","0.082","","","0.034","0.037","0.044","0.079","0.078","","0.615","0.678","0.69","","0.745","0.718","0.764","0.752","","","","",
"Middle East, North Africa, Afghanistan & Pakistan (IDA & IBRD)","TMN","Physicians (per 1,000 people)","SH.MED.PHYS.ZS","","","","","","","","","","","","","","","","","","","","","","","","","","","","","","","0.474465105618779","","","","","","","","","","0.767425283921786","","","","","","","","","","","","","","","","","","","","","","1.12125410560683","","",
"Tonga","TON","Physicians (per 1,000 people)","SH.MED.PHYS.ZS","0.375","","","","","","","","","","0.256","","","","","","","","","","0.362","0.602","0.6","","","","","","","0.492","","0.508","","","","","","0.44","","","0.499","0.339","0.289","","","","","","0.533","0.578","0.54","","","0.514","","","","","","1.012","0.946","1.014","","","",
"South Asia (IDA & IBRD)","TSA","Physicians (per 1,000 people)","SH.MED.PHYS.ZS","","","","","","","","","","","","","","","","","","","","","","","","","","","","","","","1.07388834226097","","","","","","","","","","","","","","","","","","","","","","","","","","","","","","","","0.734049151018125","","",
"Sub-Saharan Africa (IDA & IBRD countries)","TSS","Physicians (per 1,000 people)","SH.MED.PHYS.ZS","","","","","","","","","","","","","","","","","","","","","","","","","","","","","","","0.145673202678101","","","","","","","","","","0.12684015290204","","","","","","","","","","0.183321233009679","","","","","","","","","","","","0.249646655931918","","",
"Trinidad and Tobago","TTO","Physicians (per 1,000 people)","SH.MED.PHYS.ZS","0.418","","","","","0.262","","","","","0.445","","","","","0.454","","","","","0.726","0.673","","","1.043","","","","","","0.72","0.732","","0.658","0.788","0.913","0.736","0.727","0.904","0.891","0.966","0.931","0.791","0.775","","","1.172","1.13","","1.444","1.732","1.743","","","","2.541","","3.222","3.939","4.205","4.298","4.157","","","",
"Tunisia","TUN","Physicians (per 1,000 people)","SH.MED.PHYS.ZS","0.1","","","","","0.125","","","","","0.169","","","","","0.169","","","","","0.271","0.275","","","","","0.461","","","","0.531","0.529","0.587","0.594","0.593","0.651","0.665","0.686","0.715","0.74","0.762","0.787","0.799","0.813","1.311","0.919","","1.011","1.094","","1.207","","","","1.253","1.285","1.258","1.278","","1.299","1.315","1.315","","","",
"Turkiye","TUR","Physicians (per 1,000 people)","SH.MED.PHYS.ZS","0.3","0.3","0.4","0.4","0.3","0.4","0.4","0.4","0.4","0.4","","","","","","","","","","","","","","","","","","","","","0.904","0.956","0.983","1.035","1.097","1.112","1.116","1.138","1.178","1.233","1.303","1.356","1.371","1.393","1.416","1.455","1.492","1.532","1.581","1.637","1.683","1.698","1.726","1.751","1.738","1.765","1.774","1.805","1.814","1.884","1.989","2.118","2.236","","",
"Tuvalu","TUV","Physicians (per 1,000 people)","SH.MED.PHYS.ZS","","","","","","","","","","","","","","","","","","","","","","","","","","","","","","","","","","","","","","","","","","","0.625","1.031","","","","","0.971","1.143","","","","","0.909","","","","","","1.346","","","","",
"Tanzania","TZA","Physicians (per 1,000 people)","SH.MED.PHYS.ZS","0.055","0.04","","","","0.045","","","","","0.044","","","","","0.044","","","","","","","","","0.039","0.035","","0.039","","","","","","","0.042","0.041","","","","","","","0.023","","","","","","","","","","0.031","","0.06","","","","0.05","","","","0.134","","",
"Uganda","UGA","Physicians (per 1,000 people)","SH.MED.PHYS.ZS","0.074","","","","","0.09","","","","","0.108","","","","","0.108","","","","","","0.047","0.046","","0.044","","","","","0.045","","","","0.04","","","","","","","","","0.047","","0.081","0.12","","","","","","","0.098","","","0.097","","0.172","","","0.158","","0.191","","",
"Ukraine","UKR","Physicians (per 1,000 people)","SH.MED.PHYS.ZS","","","","","","","","","","","","","","","","","","","","","3.515","3.631","3.741","3.82","3.909","4.002","4.06","4.143","4.2","4.275","4.29","4.345","4.297","4.342","4.314","4.407","2.992","2.97","2.99","2.986","2.986","2.984","2.976","2.964","2.968","2.974","3.04","3.043","3.074","3.442","3.433","3.432","3.434","3.433","2.936","","","","","","","","","3.531","",
"Upper middle income","UMC","Physicians (per 1,000 people)","SH.MED.PHYS.ZS","","","","","","","","","","","","","","","","","","","","","","","","","","","","","","","1.1238766810416","","","","","","","","","","1.38093921500384","","","","","","","","","","1.50006643726107","","","","","","","","","","","","2.53357000280186","","",
"Uruguay","URY","Physicians (per 1,000 people)","SH.MED.PHYS.ZS","1.064","","","","","1.136","","","","","1.093","","","","","1.111","","","","","","1.997","","","1.926","1.947","","","","","3.68","","3.226","","","3.56","3.703","","","3.745","","","3.777","","","","","","3.996","","","","","","","","4.008","5.01","","","","4.548","4.674","","",
"United States","USA","Physicians (per 1,000 people)","SH.MED.PHYS.ZS","1.1","","","","","1.2","","","","","1.2","","","","","1.3","1.3","1.3","1.4","1.4","1.5","1.5","1.6","1.6","","","1.7","1.8","1.8","1.8","1.8","1.9","1.9","1.9","","2.411","","","","","2.596","","","","2.711","","","","","","","","","","","","","","2.548","3.482","3.518","3.575","3.681","","",
"Uzbekistan","UZB","Physicians (per 1,000 people)","SH.MED.PHYS.ZS","","","","","","","","","","","","","","","","","","","","","2.669","","","","","2.694","3.255","3.319","","","3.38","3.368","3.357","3.326","3.296","3.238","3.14","3.089","3.062","","2.961","2.911","2.849","2.786","2.726","2.677","2.662","2.645","2.617","2.582","2.555","2.517","2.461","2.421","2.39","2.363","2.298","2.27","2.329","2.322","2.31","2.805","","","",
"St. Vincent and the Grenadines","VCT","Physicians (per 1,000 people)","SH.MED.PHYS.ZS","0.1","","","","","","","","","","0.182","","","","","","","","","","","","","","0.266","","","","","","0.46","0.135","","","","0.46","","0.893","","","0.784","0.546","","","0.895","","","","","","0.655","","0.938","","","","","","","","","","","","",
"Venezuela, RB","VEN","Physicians (per 1,000 people)","SH.MED.PHYS.ZS","0.666","","","","","0.815","","","","","0.883","","","","0.904","0.904","0.904","","","","0.83","0.996","0.833","","1.436","1.196","1.399","1.401","1.6","1.695","1.564","","","","","1.94","","","","","","1.922","","","","","","","","","","","","","","","","1.664","","","","","","","",
"British Virgin Islands","VGB","Physicians (per 1,000 people)","SH.MED.PHYS.ZS","","","","","","","","","","","","","","","","","","","","","","","","","","","","","","","","","","","","","","","","","","","","","","","","","","","","","","","","","","","","","","","","","",
"Virgin Islands (U.S.)","VIR","Physicians (per 1,000 people)","SH.MED.PHYS.ZS","","","","","","","","","","","","","","","","","","","","","","","","","","","","","","","1.65","","","","","1.645","","","","","","","","","","","","","","","","","","","","","","","","","","","","","",
"Viet Nam","VNM","Physicians (per 1,000 people)","SH.MED.PHYS.ZS","","","","","","","","","","","","","","","","","","","","","0.241","0.247","","","","","1.056","","","0.391","0.404","0.407","0.437","","","","","0.569","0.48","0.515","","0.543","0.571","","","0.635","0.643","0.655","0.673","0.703","0.714","","0.824","","0.783","0.795","0.825","","0.881","0.99","0.856","1.107","","","",
"Vanuatu","VUT","Physicians (per 1,000 people)","SH.MED.PHYS.ZS","0.277","","","","","","","","","","0.301","","","","","","","","","","0.191","0.189","","","","","0.204","","","0.125","","0.099","","","","","","0.115","","","","","","","0.146","","","0.118","0.115","","","","0.185","","","","0.169","","0.137","0.164","","","","","",
"World","WLD","Physicians (per 1,000 people)","SH.MED.PHYS.ZS","","","","","","","","","","","","","","","","","","","","","","","","","","","","","","","1.30755502632647","","","","","","","","","","1.52297057635879","","","","","","","","","","1.49072687954301","","","","","","","","","","","","1.86069862599317","","",
"Samoa","WSM","Physicians (per 1,000 people)","SH.MED.PHYS.ZS","0.441","","","","","","","","","","0.35","","","","","","","","","","0.361","0.404","","","","","0.28","","","0.207","","","0.365","","","","0.344","","0.33","0.666","","","","0.27","","0.267","","","0.447","","0.332","","","0.464","","","0.329","","","0.558","0.562","0.561","","","",
"Kosovo","XKX","Physicians (per 1,000 people)","SH.MED.PHYS.ZS","","","","","","","","","","","","","","","","","","","","","","","","","","","","","","","","","","","","","","","","","","","","","","","","","","","","","","","","","","","","","","","","","",
"Yemen, Rep.","YEM","Physicians (per 1,000 people)","SH.MED.PHYS.ZS","0.023","","","","","0.032","","","","","0.029","","","","","","","","","","","0.145","","","","0.171","","","","","0.007","","","","","0.247","0.23","0.213","","","","","","","0.305","","","","0.275","0.275","","","","","0.27","","","","","","0.176","0.174","0.165","0.098","",
"South Africa","ZAF","Physicians (per 1,000 people)","SH.MED.PHYS.ZS","","","","","","0.488","","","","","","","","","","0.539","","","0.551","","","","","","","","","0.613","","","","","0.624","","","","0.593","","","","","","","","0.711","","","0.679","0.679","0.69","0.705","0.709","0.715","0.729","0.74","0.763","0.753","0.775","0.742","0.779","","0.781","0.794","","",
"Zambia","ZMB","Physicians (per 1,000 people)","SH.MED.PHYS.ZS","0.107","","","","","0.088","","","","","0.073","","","","","0.074","","","","","0.076","0.126","","0.14","","0.141","","","","","0.092","","","","","0.069","","","","","","","","","0.132","0.055","0.054","","0.061","0.059","0.06","","","","","","0.09","","0.224","0.237","0.253","0.295","0.324","","",
"Zimbabwe","ZWE","Physicians (per 1,000 people)","SH.MED.PHYS.ZS","0.202","","","","","0.125","","","","","0.162","","","","","0.158","","","","","0.161","0.139","","","","","","0.135","","","0.13","","","","","0.149","","","","","0.126","","","","0.169","0.121","","0.0544","0.0596","0.115","0.121","0.078","0.077","0.08","0.119","0.174","0.172","0.179","0.201","0.123","0.128","0.136","0.127","0.136","",
